HORA,IDADE,SEXO,TIPO,ARMA,CIDADE
1,20,MASCULINO,HOMICÍDIO DOLOSO,PAF,ARAPIRACA
4,25,MASCULINO,HOMICÍDIO DOLOSO,PAF,RIO LARGO
4,32,MASCULINO,HOMICÍDIO DOLOSO,ESPANCADO,MACEIÓ
11,35,MASCULINO,HOMICÍDIO DOLOSO,PAF,MACEIÓ
20,19,FEMININO,FEMINICÍDIO,PAF,SANTANA DO IPANEMA
20,21,MASCULINO,HOMICÍDIO DOLOSO,PAF,SANTANA DO IPANEMA
0,37,MASCULINO,HOMICÍDIO DOLOSO,PAF,MACEIÓ
19,51,FEMININO,HOMICÍDIO DOLOSO,BRANCA,PORTO CALVO
16,15,MASCULINO,HOMICÍDIO DOLOSO,PAF,CORURIPE
18,17,FEMININO,HOMICÍDIO DOLOSO,PAF,CORURIPE
20,63,MASCULINO,HOMICÍDIO DOLOSO,BRANCA,SÃO MIGUEL DOS CAMPOS
20,47,MASCULINO,HOMICÍDIO DOLOSO,PAF,UNIÃO DOS PALMARES
21,19,MASCULINO,HOMICÍDIO DOLOSO,PAF,ARAPIRACA
3,38,FEMININO,HOMICÍDIO DOLOSO,BRANCA,MATRIZ DE CAMARAGI
9,57,MASCULINO,HOMICÍDIO DOLOSO,PAF,UNIÃO DOS PALMARES
16,20,MASCULINO,HOMICÍDIO DOLOSO,PAF,SÃO JOSÉ DA LAJE
21,17,MASCULINO,HOMICÍDIO DOLOSO,PAF,MACEIÓ
23,24,FEMININO,HOMICÍDIO DOLOSO,PAF,IBATEGUARA
23,20,FEMININO,HOMICÍDIO DOLOSO,PAF,IBATEGUARA
11,25,MASCULINO,HOMICÍDIO DOLOSO,PAF/B,MACEIÓ
13,25,MASCULINO,ROUBO COM RESULTADO MORTE,PAF,SÃO JOSÉ DA TAPERA
19,15,MASCULINO,HOMICÍDIO DOLOSO,PAF,MACEIÓ
20,20,MASCULINO,HOMICÍDIO DOLOSO,BRANCA,ARAPIRACA
22,35,MASCULINO,HOMICÍDIO DOLOSO,PAF,MARECHAL DEODORO 
23,26,MASCULINO,HOMICÍDIO DOLOSO,PAF,PÃO DE AÇÚCAR
14,16,MASCULINO,HOMICÍDIO DOLOSO,PAF,MARAVILHA
22,23,MASCULINO,HOMICÍDIO DOLOSO,PAF,CAMPO GRANDE
16,20,MASCULINO,HOMICÍDIO DOLOSO,PAF/B,MACEIÓ
17,28,MASCULINO,HOMICÍDIO DOLOSO,PAF,JUNQUEIRO
19,70,MASCULINO,HOMICÍDIO DOLOSO,PAF,MACEIÓ
6,41,MASCULINO,HOMICÍDIO DOLOSO,PAF,PENEDO
18,32,MASCULINO,HOMICÍDIO DOLOSO,PAF,SANTA LUZIA DO NORTE
22,22,MASCULINO,HOMICÍDIO DOLOSO,PAF,CORURIPE
1,25,FEMININO,FEMINICÍDIO,BRANCA,MURICI
3,21,MASCULINO,HOMICÍDIO DOLOSO,PAF,MACEIÓ
8,37,MASCULINO,HOMICÍDIO DOLOSO,PAF,PORTO CALVO
14,19,MASCULINO,HOMICÍDIO DOLOSO,PAF,MACEIÓ
1,24,MASCULINO,HOMICÍDIO DOLOSO,BRANCA,MURICI
1,39,MASCULINO,HOMICÍDIO DOLOSO,BRANCA,SÃO MIGUEL DOS MILAGRES
2,27,MASCULINO,HOMICÍDIO DOLOSO,ESPANCADO,JARAMATAIA
4,64,MASCULINO,HOMICÍDIO DOLOSO,PAF,TEOTÔNIO VILELA
13,18,MASCULINO,HOMICÍDIO DOLOSO,PAF,ARAPIRACA
19,31,MASCULINO,ROUBO COM RESULTADO MORTE,ESPANCADO,MACEIÓ
20,39,MASCULINO,HOMICÍDIO DOLOSO,PAF,SÃO MIGUEL DOS CAMPOS
20,20,MASCULINO,HOMICÍDIO DOLOSO,PAF,MACEIÓ
20,22,MASCULINO,HOMICÍDIO DOLOSO,PAF,RIO LARGO
21,22,MASCULINO,HOMICÍDIO DOLOSO,PAF,TEOTÔNIO VILELA
22,29,MASCULINO,HOMICÍDIO DOLOSO,PAF,CAMPO GRANDE
1,23,MASCULINO,HOMICÍDIO DOLOSO,PAF,BOCA DA MATA
17,28,MASCULINO,HOMICÍDIO DOLOSO,PAF,CRAÍBAS
21,23,MASCULINO,HOMICÍDIO DOLOSO,PAF,PARIPUEIRA
21,29,MASCULINO,HOMICÍDIO DOLOSO,PAF,SÃO MIGUEL DOS CAMPOS
1,61,MASCULINO,HOMICÍDIO DOLOSO,PAF,COLÔNIA LEOPOLDINA
2,40,FEMININO,FEMINICÍDIO,PAF,MACEIÓ
13,19,MASCULINO,HOMICÍDIO DOLOSO,PAF,MACEIÓ
20,21,MASCULINO,HOMICÍDIO DOLOSO,PAF,MACEIÓ
21,22,MASCULINO,HOMICÍDIO DOLOSO,PAF,MARECHAL DEODORO
21,39,MASCULINO,HOMICÍDIO DOLOSO,BRANCA,MACEIÓ
0,27,MASCULINO,HOMICÍDIO DOLOSO,PAF,MACEIÓ
14,76,MASCULINO,HOMICÍDIO DOLOSO,PAF,GIRAU DO PONCIANO
17,21,MASCULINO,HOMICÍDIO DOLOSO,PAF,CAMPESTRE
18,27,MASCULINO,HOMICÍDIO DOLOSO,PAF,ARAPIRACA
21,37,MASCULINO,HOMICÍDIO DOLOSO,PAF,MACEIÓ
4,31,MASCULINO,ROUBO COM RESULTADO MORTE,PAF,IGACI
17,49,MASCULINO,HOMICÍDIO DOLOSO,PAF,MACEIÓ
22,34,MASCULINO,HOMICÍDIO DOLOSO,ESPANCADO,POÇO DAS TRINCHEIRAS
23,21,MASCULINO,HOMICÍDIO DOLOSO,PAF,MATA GRANDE
2,23,MASCULINO,HOMICÍDIO DOLOSO,BRANCA,ARAPIRACA
16,18,MASCULINO,HOMICÍDIO DOLOSO,PAF,MACEIÓ
17,20,MASCULINO,HOMICÍDIO DOLOSO,PAF,CORURIPE
19,33,MASCULINO,HOMICÍDIO DOLOSO,PAF,SANTANA DO IPANEMA
19,15,MASCULINO,HOMICÍDIO DOLOSO,PAF,COLÔNIA LEOPOLDINA
20,20,MASCULINO,HOMICÍDIO DOLOSO,PAF,PIAÇABUÇU
21,41,MASCULINO,ROUBO COM RESULTADO MORTE,PAF,ARAPIRACA
0,23,MASCULINO,HOMICÍDIO DOLOSO,PAF,MAJOR ISIDORO
0,24,MASCULINO,HOMICÍDIO DOLOSO,BRANCA,MACEIÓ
11,56,MASCULINO,HOMICÍDIO DOLOSO,BRANCA,MARAGOGI
19,22,MASCULINO,HOMICÍDIO DOLOSO,PAF,TEOTÔNIO VILELA
21,17,MASCULINO,HOMICÍDIO DOLOSO,BRANCA,MARECHAL DEODORO
23,32,MASCULINO,HOMICÍDIO DOLOSO,PAF,DELMIRO GOUVEIA
1,75,MASCULINO,HOMICÍDIO DOLOSO,OUTROS,SANTANA DO IPANEMA
19,43,MASCULINO,HOMICÍDIO DOLOSO,PAF,SÃO SEBASTIÃO
4,25,MASCULINO,HOMICÍDIO DOLOSO,PAF,MACEIÓ
8,21,MASCULINO,HOMICÍDIO DOLOSO,BRANCA,CORURIPE
18,70,MASCULINO,HOMICÍDIO DOLOSO,PAF,SÃO MIGUEL DOS CAMPOS
0,21,MASCULINO,HOMICÍDIO DOLOSO,PAF,MURICI
5,51,MASCULINO,HOMICÍDIO DOLOSO,ATROPELADO,MESSIAS
11,22,MASCULINO,HOMICÍDIO DOLOSO,PAF,MATA GRANDE
11,16,MASCULINO,HOMICÍDIO DOLOSO,PAF,MATA GRANDE
11,53,MASCULINO,HOMICÍDIO DOLOSO,PAF,MATA GRANDE
21,18,MASCULINO,HOMICÍDIO DOLOSO,PAF,MACEIÓ
6,3,MASCULINO,HOMICÍDIO DOLOSO,ESPANCADO,ARAPIRACA
13,19,FEMININO,HOMICÍDIO DOLOSO,BRANCA,MACEIÓ
19,32,MASCULINO,HOMICÍDIO DOLOSO,PAF,CORURIPE
0,16,FEMININO,HOMICÍDIO DOLOSO,PAF,NOVO LINO
0,17,MASCULINO,HOMICÍDIO DOLOSO,PAF,NOVO LINO
1,19,MASCULINO,HOMICÍDIO DOLOSO,ESPANCADO,ARAPIRACA
5,35,MASCULINO,HOMICÍDIO DOLOSO,PAF,JAPARATINGA
12,27,MASCULINO,HOMICÍDIO DOLOSO,PAF,MACEIÓ
17,27,MASCULINO,HOMICÍDIO DOLOSO,PAF,BARRA DE SANTO ANTÔNIO
22,26,FEMININO,FEMINICÍDIO,PAF,SANTANA DO IPANEMA
22,56,MASCULINO,HOMICÍDIO DOLOSO,PAF,SANTANA DO IPANEMA
13,59,MASCULINO,HOMICÍDIO DOLOSO,BRANCA,COITÉ DO NÓIA
19,34,MASCULINO,HOMICÍDIO DOLOSO,PAF,POÇO DAS TRINCHEIRAS
22,36,MASCULINO,HOMICÍDIO DOLOSO,PAF,MACEIÓ
0,22,MASCULINO,HOMICÍDIO DOLOSO,PAF,CAMPO ALEGRE
10,43,MASCULINO,HOMICÍDIO DOLOSO,PAF,BRANQUINHA
21,33,MASCULINO,HOMICÍDIO DOLOSO,ESPANCADO,CAMPO ALEGRE
22,50,MASCULINO,HOMICÍDIO DOLOSO,PAF,ARAPIRACA
13,24,MASCULINO,HOMICÍDIO DOLOSO,PAF,PILAR
14,15,MASCULINO,HOMICÍDIO DOLOSO,PAF,MACEIÓ
16,27,MASCULINO,HOMICÍDIO DOLOSO,PAF,MACEIÓ
17,31,MASCULINO,HOMICÍDIO DOLOSO,PAF,PENEDO
20,40,MASCULINO,HOMICÍDIO DOLOSO,PAF,MACEIÓ
2,30,MASCULINO,HOMICÍDIO DOLOSO,BRANCA,FLEXEIRAS
3,26,MASCULINO,HOMICÍDIO DOLOSO,ASFIXIA MECÂNICA,MACEIÓ
12,48,MASCULINO,ROUBO COM RESULTADO MORTE,PAF,TEOTÔNIO VILELA
16,16,FEMININO,HOMICÍDIO DOLOSO,PAF,GIRAU DO PONCIANO
18,23,MASCULINO,HOMICÍDIO DOLOSO,PAF,MACEIÓ
5,17,MASCULINO,HOMICÍDIO DOLOSO,BRANCA,BOCA DA MATA
18,23,MASCULINO,HOMICÍDIO DOLOSO,PAF,CRAÍBAS
22,17,MASCULINO,HOMICÍDIO DOLOSO,PAF,CAMPO GRANDE
4,24,MASCULINO,HOMICÍDIO DOLOSO,PAF,RIO LARGO
13,30,MASCULINO,HOMICÍDIO DOLOSO,PAF,IGREJA NOVA
16,23,MASCULINO,HOMICÍDIO DOLOSO,PAF,PORTO CALVO
17,24,MASCULINO,HOMICÍDIO DOLOSO,PAF,UNIÃO DOS PALMARES
21,18,MASCULINO,HOMICÍDIO DOLOSO,PAF,RIO LARGO
21,36,MASCULINO,HOMICÍDIO DOLOSO,PAF,MACEIÓ
2,32,MASCULINO,HOMICÍDIO DOLOSO,PAF,PENEDO
6,17,MASCULINO,HOMICÍDIO DOLOSO,BRANCA,ATALAIA
13,22,MASCULINO,HOMICÍDIO DOLOSO,PAF,GIRAU DO PONCIANO
15,27,MASCULINO,HOMICÍDIO DOLOSO,PAF,MACEIÓ
19,26,MASCULINO,HOMICÍDIO DOLOSO,PAF,ARAPIRACA
22,18,MASCULINO,HOMICÍDIO DOLOSO,PAF,ARAPIRACA
14,26,MASCULINO,HOMICíDIO DOLOSO,PAF,SÃO SEBASTIÃO
18,20,MASCULINO,HOMICíDIO DOLOSO,PAF,SÃO SEBASTIÃO
22,38,MASCULINO,HOMICíDIO DOLOSO,PAF,ARAPIRACA
0,56,MASCULINO,HOMICíDIO DOLOSO,BRANCA,ARAPIRACA
4,24,MASCULINO,HOMICíDIO DOLOSO,PAF/B,PALMEIRA DOS ÍNDIOS
5,22,MASCULINO,HOMICíDIO DOLOSO,BRANCA,CAMPESTRE
12,17,MASCULINO,HOMICíDIO DOLOSO,PAF,MACEIÓ
16,35,MASCULINO,HOMICíDIO DOLOSO,PAF,MACEIÓ
17,33,MASCULINO,HOMICíDIO DOLOSO,PAF,PENEDO
18,45,MASCULINO,HOMICíDIO DOLOSO,PAF,LIMOEIRO DE ANADIA
18,43,MASCULINO,HOMICíDIO DOLOSO,PAF,SÃO LUÍS DO QUITUNDE
20,19,MASCULINO,HOMICíDIO DOLOSO,PAF,RIO LARGO
5,19,FEMININO,FEMINICÍDIO,PAF,ARAPIRACA
5,32,MASCULINO,HOMICÍDIO DOLOSO,BRANCA,PAULO JACINTO
11,29,MASCULINO,HOMICÍDIO DOLOSO,ASFIXIA MECÂNICA,MACEIÓ
17,34,MASCULINO,RESISTÊNCIA COM RESULTADO MORTE,PAF,MACEIÓ
20,30,MASCULINO,HOMICÍDIO DOLOSO,PAF,JUNQUEIRO
23,27,MASCULINO,RESISTÊNCIA COM RESULTADO MORTE,PAF,PILAR
2,16,MASCULINO,HOMICÍDIO DOLOSO,BRANCA,MAJOR ISIDORO
13,22,MASCULINO,HOMICÍDIO DOLOSO,ASFIXIA MECÂNICA,MACEIÓ
21,29,MASCULINO,HOMICÍDIO DOLOSO,PAF,MACEIÓ
22,44,MASCULINO,HOMICÍDIO DOLOSO,BRANCA,SÃO SEBASTIÃO
18,17,MASCULINO,HOMICÍDIO DOLOSO,LINCHAMENTO,MACEIÓ
19,18,MASCULINO,HOMICÍDIO DOLOSO,PAF,PALMEIRA DOS ÍNDIOS
15,23,MASCULINO,HOMICÍDIO DOLOSO,PAF,MACEIÓ
16,21,MASCULINO,HOMICÍDIO DOLOSO,PAF,MACEIÓ
16,13,MASCULINO,HOMICÍDIO DOLOSO,PAF,PORTO CALVO
19,28,MASCULINO,HOMICÍDIO DOLOSO,PAF,PALMEIRA DOS ÍNDIOS
2,41,MASCULINO,HOMICÍDIO DOLOSO,BRANCA,CANAPI
5,18,MASCULINO,HOMICÍDIO DOLOSO,PAF,RIO LARGO
5,34,MASCULINO,HOMICÍDIO DOLOSO,BRANCA,VIÇOSA
12,35,FEMININO,HOMICÍDIO DOLOSO,PAF,RIO LARGO
12,46,MASCULINO,HOMICÍDIO DOLOSO,BRANCA,QUEBRANGULO
19,49,MASCULINO,HOMICÍDIO DOLOSO,BRANCA,OLHO D ÁGUA DO CASADO
20,18,MASCULINO,HOMICíDIO DOLOSO,PAF,ATALAIA
21,21,MASCULINO,HOMICíDIO DOLOSO,PAF,RIO LARGO
21,39,MASCULINO,HOMICíDIO DOLOSO,PAF,LAGOA DA CANOA
2,29,MASCULINO,HOMICíDIO DOLOSO,BRANCA,RIO LARGO
16,31,MASCULINO,HOMICíDIO DOLOSO,PAF,MACEIÓ
17,62,MASCULINO,HOMICíDIO DOLOSO,PAF,JUNQUEIRO
20,21,MASCULINO,HOMICíDIO DOLOSO,BRANCA,CORURIPE
22,30,MASCULINO,HOMICíDIO DOLOSO,BRANCA,FELIZ DESERTO
0,30,MASCULINO,HOMICíDIO DOLOSO,PAF,SÃO LUÍS DO QUITUNDE
3,25,MASCULINO,HOMICíDIO DOLOSO,PAF,MARAGOGI
4,25,MASCULINO,HOMICíDIO DOLOSO,ESPANCADO,MACEIÓ
11,36,MASCULINO,HOMICíDIO DOLOSO,PAF,MACEIÓ
11,19,MASCULINO,HOMICíDIO DOLOSO,PAF/B,IGACI
15,32,MASCULINO,HOMICíDIO DOLOSO,PAF/B,ATALAIA
17,37,MASCULINO,HOMICíDIO DOLOSO,PAF,PALMEIRA DOS ÍNDIOS
21,15,MASCULINO,HOMICíDIO DOLOSO,PAF,MACEIÓ
22,37,MASCULINO,HOMICíDIO DOLOSO,PAF,TRAIPU
2,17,MASCULINO,HOMICíDIO DOLOSO,PAF,PALMEIRA DOS ÍNDIOS
12,29,MASCULINO,HOMICíDIO DOLOSO,ESPANCADO,RIO LARGO
13,43,MASCULINO,HOMICíDIO DOLOSO,PAF,MATRIZ DE CAMARAGIBE
16,37,MASCULINO,HOMICíDIO DOLOSO,PAF,SÃO JOSÉ DA TAPERA
19,25,MASCULINO,HOMICíDIO DOLOSO,PAF,SANTANA DO IPANEMA
22,22,MASCULINO,HOMICíDIO DOLOSO,BRANCA,ATALAIA
0,36,MASCULINO,HOMICíDIO DOLOSO,PAF,SÃO MIGUEL DOS MILAGRES
1,29,MASCULINO,HOMICíDIO DOLOSO,PAF,CAMPO ALEGRE
10,18,MASCULINO,HOMICíDIO DOLOSO,PAF,SÃO MIGUEL DOS CAMPOS
14,21,MASCULINO,HOMICíDIO DOLOSO,PAF,MACEIÓ
21,20,MASCULINO,HOMICíDIO DOLOSO,PAF,RIO LARGO
17,50,MASCULINO,HOMICíDIO DOLOSO,PAF,MACEIÓ
23,22,MASCULINO,HOMICíDIO DOLOSO,PAF,MARAVILHA
13,53,MASCULINO,HOMICíDIO DOLOSO,PAF,SANTANA DO MUNDAÚ
20,39,MASCULINO,HOMICíDIO DOLOSO,PAF,ARAPIRACA
16,18,MASCULINO,HOMICíDIO DOLOSO,ESPANCADO,BARRA DE SÃO MIGUEL
16,21,MASCULINO,HOMICíDIO DOLOSO,PAF/B,BARRA DE SANTO ANTÔNIO
18,27,MASCULINO,HOMICíDIO DOLOSO,PAF,SÃO LUÍS DO QUITUNDE
20,37,MASCULINO,HOMICíDIO DOLOSO,PAF,JARAMATAIA
20,28,MASCULINO,HOMICíDIO DOLOSO,PAF,MACEIÓ
21,35,MASCULINO,HOMICíDIO DOLOSO,PAF,ARAPIRACA
13,43,MASCULINO,HOMICíDIO DOLOSO,PAF,MACEIÓ
15,42,MASCULINO,HOMICíDIO DOLOSO,BRANCA,PILAR
16,20,MASCULINO,HOMICíDIO DOLOSO,PAF/B,MACEIÓ
17,51,MASCULINO,HOMICíDIO DOLOSO,ASFIXIA MECÂNICA,JUNQUEIRO
22,34,MASCULINO,HOMICíDIO DOLOSO,PAF,ARAPIRACA
3,35,MASCULINO,HOMICÍDIO DOLOSO,BRANCA,MACEIÓ
11,46,MASCULINO,HOMICÍDIO DOLOSO,PAF,MACEIÓ
17,16,MASCULINO,HOMICÍDIO DOLOSO,PAF,ARAPIRACA
19,32,MASCULINO,HOMICÍDIO DOLOSO,PAF,SÃO LUÍS DO QUITUNDE
19,17,FEMININO,HOMICÍDIO DOLOSO,PAF,CORURIPE
23,25,MASCULINO,HOMICÍDIO DOLOSO,PAF,MACEIÓ
8,48,MASCULINO,HOMICÍDIO DOLOSO,ESPANCADO,OLHO D ÁGUA DO CASADO
10,17,MASCULINO,HOMICÍDIO DOLOSO,PAF,MACEIÓ
19,21,MASCULINO,HOMICÍDIO DOLOSO,PAF,ARAPIRACA
19,30,MASCULINO,HOMICÍDIO DOLOSO,PAF,PILAR
5,38,MASCULINO,HOMICÍDIO DOLOSO,PAF/B,IGREJA NOVA
8,23,MASCULINO,HOMICÍDIO DOLOSO,PAF,SÃO LUÍS DO QUITUNDE
11,13,MASCULINO,HOMICÍDIO DOLOSO,PAF,SÃO MIGUEL DOS CAMPOS
12,24,MASCULINO,HOMICÍDIO DOLOSO,PAF,RIO LARGO
16,19,MASCULINO,HOMICÍDIO DOLOSO,ESPANCADO,PÃO DE AÇÚCAR
18,30,MASCULINO,HOMICÍDIO DOLOSO,PAF,FEIRA GRANDE
19,33,MASCULINO,RESISTÊNCIA COM RESULTADO MORTE,PAF,MACEIÓ
19,20,MASCULINO,RESISTÊNCIA COM RESULTADO MORTE,PAF,MACEIÓ
19,22,MASCULINO,RESISTÊNCIA COM RESULTADO MORTE,PAF,MACEIÓ
19,41,MASCULINO,HOMICÍDIO DOLOSO,PAF/B,MACEIÓ
20,20,MASCULINO,HOMICÍDIO DOLOSO,PAF,PENEDO
20,15,MASCULINO,HOMICÍDIO DOLOSO,PAF,SÃO MIGUEL DOS CAMPOS
11,19,MASCULINO,HOMICÍDIO DOLOSO,PAF,COITÉ DO NÓIA
13,22,MASCULINO,HOMICÍDIO DOLOSO,PAF,ARAPIRACA
20,17,MASCULINO,HOMICÍDIO DOLOSO,PAF,LIMOEIRO DE ANADIA
20,21,MASCULINO,HOMICÍDIO DOLOSO,PAF,ARAPIRACA
23,17,MASCULINO,HOMICÍDIO DOLOSO,PAF,SATUBA
23,21,MASCULINO,HOMICÍDIO DOLOSO,BRANCA,MURICI
23,24,MASCULINO,HOMICÍDIO DOLOSO,BRANCA,MACEIÓ
1,19,MASCULINO,RESISTÊNCIA COM RESULTADO MORTE,PAF,PIRANHAS
1,22,MASCULINO,RESISTÊNCIA COM RESULTADO MORTE,PAF,PIRANHAS
7,58,FEMININO,FEMINICÍDIO,ESPANCADO,JOAQUIM GOMES
7,33,MASCULINO,HOMICÍDIO DOLOSO,PAF,MATRIZ DE CAMARAGIBE
15,34,MASCULINO,HOMICÍDIO DOLOSO,PAF,RIO LARGO
19,25,MASCULINO,HOMICÍDIO DOLOSO,PAF,ARAPIRACA
21,28,MASCULINO,HOMICÍDIO DOLOSO,BRANCA,SÃO SEBASTIÃO
22,19,MASCULINO,HOMICÍDIO DOLOSO,PAF,UNIÃO DOS PALMARES
0,30,MASCULINO,HOMICÍDIO DOLOSO,PAF,PASSO DE CAMARAGIBE
5,47,MASCULINO,HOMICÍDIO DOLOSO,ESPANCADO,DELMIRO GOUVEIA
15,38,MASCULINO,HOMICÍDIO DOLOSO,PAF,MACEIÓ
17,39,MASCULINO,HOMICÍDIO DOLOSO,PAF,MURICI
18,17,MASCULINO,HOMICÍDIO DOLOSO,PAF,RIO LARGO
19,25,MASCULINO,HOMICÍDIO DOLOSO,PAF,SÃO LUÍS DO QUITUNDE
4,37,FEMININO,HOMICÍDIO DOLOSO,PAF,DOIS RIACHOS
9,27,MASCULINO,ROUBO COM RESULTADO MORTE,PAF,SÃO LUÍS DO QUITUNDE
15,32,MASCULINO,HOMICÍDIO DOLOSO,BRANCA,IBATEGUARA
15,32,FEMININO,FEMINICÍDIO,PAF,PENEDO
21,18,MASCULINO,HOMICÍDIO DOLOSO,PAF,BOCA DA MATA
5,29,MASCULINO,HOMICÍDIO DOLOSO,PAF,SÃO JOSÉ DA TAPERA
9,17,MASCULINO,RESISTÊNCIA COM RESULTADO MORTE,PAF,MACEIÓ
16,38,MASCULINO,HOMICÍDIO DOLOSO,BRANCA,MARAGOGI
16,16,MASCULINO,HOMICÍDIO DOLOSO,BRANCA,SANTANA DO MUNDAÚ
17,20,MASCULINO,HOMICÍDIO DOLOSO,PAF,SANTANA DO IPANEMA
19,19,MASCULINO,HOMICÍDIO DOLOSO,BRANCA,RIO LARGO
11,24,MASCULINO,HOMICÍDIO DOLOSO,PAF,COLÔNIA LEOPOLDINA
18,26,MASCULINO,HOMICÍDIO DOLOSO,PAF,MACEIÓ
23,17,MASCULINO,HOMICÍDIO DOLOSO,PAF,PARIPUEIRA
23,20,MASCULINO,HOMICÍDIO DOLOSO,PAF,MACEIÓ
23,21,MASCULINO,HOMICÍDIO DOLOSO,BRANCA,BRANQUINHA
0,16,MASCULINO,HOMICÍDIO DOLOSO,PAF,MACEIÓ
9,30,MASCULINO,HOMICÍDIO DOLOSO,PAF,OLHO D ÁGUA DO CASADO
15,39,MASCULINO,HOMICÍDIO DOLOSO,BRANCA,MURICI
16,36,MASCULINO,HOMICÍDIO DOLOSO,PAF,PALMEIRA DOS ÍNDIOS
18,38,MASCULINO,HOMICÍDIO DOLOSO,BRANCA,ARAPIRACA
19,22,MASCULINO,ROUBO COM RESULTADO MORTE,PAF,MACEIÓ
20,35,MASCULINO,HOMICÍDIO DOLOSO,PAF,MACEIÓ
1,37,MASCULINO,ROUBO COM RESULTADO MORTE,BRANCA,TEOTÔNIO VILELA
2,17,MASCULINO,HOMICÍDIO DOLOSO,PAF,COLÔNIA LEOPOLDINA
11,46,MASCULINO,HOMICÍDIO DOLOSO,PAF,PORTO CALVO
21,16,MASCULINO,HOMICÍDIO DOLOSO,PAF,UNIÃO DOS PALMARES
5,48,FEMININO,HOMICÍDIO DOLOSO,ESPANCADO,PALMEIRA DOS ÍNDIOS
19,25,MASCULINO,ROUBO COM RESULTADO MORTE,PAF,GIRAU DO PONCIANO
23,27,MASCULINO,HOMICÍDIO DOLOSO,BRANCA,PÃO DE AÇÚCAR
20,24,MASCULINO,HOMICÍDIO DOLOSO,PAF,IGREJA NOVA
22,20,MASCULINO,HOMICÍDIO DOLOSO,PAF,ARAPIRACA
3,34,MASCULINO,RESISTÊNCIA COM RESULTADO MORTE,PAF,MACEIÓ
12,17,MASCULINO,HOMICÍDIO DOLOSO,PAF,MACEIÓ
13,21,MASCULINO,HOMICÍDIO DOLOSO,PAF,PORTO CALVO
13,30,MASCULINO,HOMICÍDIO DOLOSO,BRANCA,RIO LARGO
16,61,MASCULINO,HOMICÍDIO DOLOSO,PAF,MACEIÓ
20,33,MASCULINO,HOMICÍDIO DOLOSO,PAF,PILAR
20,22,MASCULINO,HOMICÍDIO DOLOSO,PAF,PILAR
21,33,MASCULINO,HOMICÍDIO DOLOSO,PAF,JEQUIÁ DA PRAIA
6,18,MASCULINO,HOMICÍDIO DOLOSO,PAF,TEOTÔNIO VILELA
6,33,MASCULINO,HOMICÍDIO DOLOSO,PAF,MURICI
15,70,MASCULINO,HOMICÍDIO DOLOSO,BRANCA,UNIÃO DOS PALMARES
15,19,MASCULINO,HOMICÍDIO DOLOSO,PAF,CAMPO ALEGRE
6,37,MASCULINO,HOMICÍDIO DOLOSO,PAF,MATRIZ DE CAMARAGIBE
14,18,MASCULINO,HOMICÍDIO DOLOSO,PAF,ARAPIRACA
14,17,MASCULINO,HOMICÍDIO DOLOSO,PAF,BARRA DE SÃO MIGUEL
17,19,MASCULINO,HOMICÍDIO DOLOSO,BRANCA,FEIRA GRANDE
17,44,MASCULINO,ROUBO COM RESULTADO MORTE,PAF,IGACI
19,22,MASCULINO,HOMICÍDIO DOLOSO,PAF,UNIÃO DOS PALMARES
0,38,MASCULINO,HOMICÍDIO DOLOSO,BRANCA,QUEBRANGULO
9,34,MASCULINO,HOMICÍDIO DOLOSO,PAF,MACEIÓ
10,26,MASCULINO,HOMICÍDIO DOLOSO,PAF,ARAPIRACA
15,19,MASCULINO,HOMICÍDIO DOLOSO,PAF,ARAPIRACA
19,48,MASCULINO,HOMICíDIO DOLOSO,PAF,CAMPO GRANDE
20,21,MASCULINO,HOMICíDIO DOLOSO,BRANCA,IBATEGUARA
21,40,MASCULINO,HOMICíDIO DOLOSO,PAF,MACEIÓ
1,26,MASCULINO,HOMICíDIO DOLOSO,BRANCA,MARAVILHA
7,22,MASCULINO,HOMICíDIO DOLOSO,BRANCA,FLEXEIRAS
10,30,MASCULINO,HOMICíDIO DOLOSO,PAF,UNIÃO DOS PALMARES
12,20,MASCULINO,HOMICíDIO DOLOSO,PAF,MACEIÓ
14,28,MASCULINO,HOMICíDIO DOLOSO,PAF/B,IGREJA NOVA
20,27,MASCULINO,HOMICíDIO DOLOSO,BRANCA,GIRAU DO PONCIANO
0,22,MASCULINO,HOMICíDIO DOLOSO,CARBONIZADO,SÃO JOSÉ DA TAPERA
0,27,MASCULINO,HOMICíDIO DOLOSO,PAF,PAULO JACINTO
4,48,MASCULINO,HOMICíDIO DOLOSO,QUEIMADURA,PENEDO
6,24,MASCULINO,HOMICíDIO DOLOSO,PAF,MACEIÓ
20,16,MASCULINO,HOMICíDIO DOLOSO,PAF,IBATEGUARA
20,49,MASCULINO,HOMICíDIO DOLOSO,PAF,PILAR
20,27,MASCULINO,HOMICíDIO DOLOSO,PAF,PILAR
21,23,MASCULINO,HOMICíDIO DOLOSO,PAF,IBATEGUARA
21,21,MASCULINO,HOMICíDIO DOLOSO,PAF,MACEIÓ
3,22,MASCULINO,HOMICíDIO DOLOSO,PAF,PILAR
17,37,MASCULINO,HOMICíDIO DOLOSO,PAF,PILAR
19,20,MASCULINO,HOMICíDIO DOLOSO,PAF,UNIÃO DOS PALMARES
20,20,MASCULINO,HOMICíDIO DOLOSO,PAF,UNIÃO DOS PALMARES
21,15,MASCULINO,HOMICíDIO DOLOSO,PAF,ARAPIRACA
2,52,MASCULINO,HOMICíDIO DOLOSO,PAF,PILAR
4,15,MASCULINO,HOMICíDIO DOLOSO,PAF,IGACI
6,20,MASCULINO,HOMICíDIO DOLOSO,PAF,UNIÃO DOS PALMARES
23,14,MASCULINO,HOMICíDIO DOLOSO,PAF,MACEIÓ
1,49,MASCULINO,HOMICíDIO DOLOSO,ESPANCADO,UNIÃO DOS PALMARES
6,32,FEMININO,HOMICíDIO DOLOSO,PAF,MACEIÓ
9,25,MASCULINO,HOMICíDIO DOLOSO,PAF,CAMPO GRANDE
16,22,MASCULINO,HOMICíDIO DOLOSO,PAF,MACEIÓ
21,21,MASCULINO,HOMICíDIO DOLOSO,PAF,RIO LARGO
22,29,MASCULINO,HOMICíDIO DOLOSO,ESPANCADO,MACEIÓ
0,28,MASCULINO,HOMICíDIO DOLOSO,PAF,MACEIÓ
0,24,MASCULINO,HOMICíDIO DOLOSO,PAF,MACEIÓ
0,36,MASCULINO,HOMICíDIO DOLOSO,PAF,MACEIÓ
5,27,MASCULINO,HOMICíDIO DOLOSO,BRANCA,PALMEIRA DOS ÍNDIOS
17,16,FEMININO,HOMICíDIO DOLOSO,PAF,MACEIÓ
19,19,MASCULINO,HOMICíDIO DOLOSO,PAF,MACEIÓ
1,27,MASCULINO,HOMICíDIO DOLOSO,PAF,BATALHA
4,39,MASCULINO,HOMICíDIO DOLOSO,PAF,MACEIÓ
14,26,MASCULINO,HOMICíDIO DOLOSO,PAF,PALMEIRA DOS ÍNDIOS
17,43,MASCULINO,HOMICíDIO DOLOSO,BRANCA,SÃO LUÍS DO QUITUNDE
18,21,MASCULINO,HOMICíDIO DOLOSO,PAF,UNIÃO DOS PALMARES
18,16,MASCULINO,HOMICíDIO DOLOSO,PAF,UNIÃO DOS PALMARES
20,15,MASCULINO,HOMICíDIO DOLOSO,PAF,RIO LARGO
22,23,MASCULINO,HOMICíDIO DOLOSO,PAF,SANTA LUZIA DO NORTE
22,48,MASCULINO,HOMICÍDIO DOLOSO,PAF,CRAÍBAS
1,14,MASCULINO,HOMICÍDIO DOLOSO,BRANCA,SANTANA DO MUNDAÚ
4,18,MASCULINO,HOMICÍDIO DOLOSO,BRANCA,MESSIAS
4,23,MASCULINO,HOMICÍDIO DOLOSO,BRANCA,IGACI
8,17,MASCULINO,HOMICÍDIO DOLOSO,PAF,MACEIÓ
11,20,MASCULINO,HOMICÍDIO DOLOSO,PAF,MACEIÓ
19,18,MASCULINO,HOMICÍDIO DOLOSO,PAF,SÃO JOSÉ DA TAPERA
21,50,MASCULINO,HOMICÍDIO DOLOSO,PAF,PILAR
22,30,MASCULINO,HOMICÍDIO DOLOSO,BRANCA,GIRAU DO PONCIANO
23,33,MASCULINO,HOMICÍDIO DOLOSO,PAF,MARECHAL DEODORO
0,32,MASCULINO,HOMICÍDIO DOLOSO,PAF,MACEIÓ
6,18,MASCULINO,HOMICÍDIO DOLOSO,PAF,TEOTÔNIO VILELA
7,34,MASCULINO,HOMICÍDIO DOLOSO,BRANCA,BOCA DA MATA
8,34,FEMININO,FEMINICÍDIO,BRANCA,MURICI
1,18,MASCULINO,HOMICÍDIO DOLOSO,PAF/B,VIÇOSA
16,29,MASCULINO,HOMICÍDIO DOLOSO,PAF,TRAIPU
16,43,MASCULINO,HOMICÍDIO DOLOSO,PAF,PILAR
5,31,MASCULINO,HOMICÍDIO DOLOSO,PAF,FLEXEIRAS
9,19,MASCULINO,HOMICÍDIO DOLOSO,PAF,MACEIÓ
12,22,MASCULINO,HOMICÍDIO DOLOSO,PAF,ARAPIRACA
17,23,MASCULINO,HOMICÍDIO DOLOSO,PAF,SÃO JOSÉ DA LAJE
19,34,MASCULINO,HOMICÍDIO DOLOSO,PAF,DOIS RIACHOS
16,16,MASCULINO,HOMICÍDIO DOLOSO,BRANCA,MARECHAL DEODORO
21,58,FEMININO,HOMICÍDIO DOLOSO,PAF,MACEIÓ
21,20,MASCULINO,HOMICÍDIO DOLOSO,PAF,MACEIÓ
11,35,MASCULINO,HOMICÍDIO DOLOSO,PAF,MARECHAL DEODORO
11,36,MASCULINO,HOMICÍDIO DOLOSO,PAF,MARECHAL DEODORO
16,22,MASCULINO,HOMICÍDIO DOLOSO,PAF,RIO LARGO
16,16,MASCULINO,HOMICÍDIO DOLOSO,PAF,MATRIZ DE CAMARAGIB
17,24,MASCULINO,HOMICÍDIO DOLOSO,PAF,MACEIÓ
19,30,MASCULINO,HOMICÍDIO DOLOSO,PAF,CAMPO ALEGRE
3,12,FEMININO,FEMINICÍDIO,PAF,MACEIÓ
5,26,MASCULINO,HOMICÍDIO DOLOSO,PAF,CORURIPE
6,39,MASCULINO,HOMICÍDIO DOLOSO,PAF,OLHO D ÁGUA GRANDE
6,32,MASCULINO,HOMICÍDIO DOLOSO,PAF,MURICI
17,46,MASCULINO,HOMICÍDIO DOLOSO,PAF,CORURIPE
22,25,MASCULINO,HOMICÍDIO DOLOSO,BRANCA,ATALAIA
1,24,MASCULINO,HOMICÍDIO DOLOSO,PAF,MACEIÓ
13,27,MASCULINO,HOMICÍDIO DOLOSO,PAF,ARAPIRACA
14,23,MASCULINO,HOMICÍDIO DOLOSO,BRANCA,BRANQUINHA
17,39,MASCULINO,HOMICÍDIO DOLOSO,PAF,MESSIAS
22,18,MASCULINO,HOMICÍDIO DOLOSO,PAF,TEOTÔNIO VILELA
2,19,MASCULINO,RESISTÊNCIA COM RESULTADO MORTE,PAF,MACEIÓ
5,24,MASCULINO,RESISTÊNCIA COM RESULTADO MORTE,PAF,MACEIÓ
9,39,FEMININO,FEMINICÍDIO,BRANCA,CARNEIROS
19,25,MASCULINO,HOMICÍDIO DOLOSO,PAF,RIO LARGO
22,18,MASCULINO,HOMICÍDIO DOLOSO,PAF,ARAPIRACA
7,27,MASCULINO,HOMICÍDIO DOLOSO,PAF,ARAPIRACA
12,32,MASCULINO,HOMICÍDIO DOLOSO,BRANCA,BARRA DE SÃO MIGUEL
13,32,MASCULINO,HOMICÍDIO DOLOSO,PAF,COQUEIRO SECO
13,30,MASCULINO,HOMICÍDIO DOLOSO,PAF,RIO LARGO
14,55,MASCULINO,HOMICÍDIO DOLOSO,PAF,MACEIÓ
19,66,MASCULINO,HOMICÍDIO DOLOSO,PAF,OLHO D ÁGUA GRANDE
19,40,MASCULINO,HOMICÍDIO DOLOSO,PAF,OLHO D ÁGUA GRANDE
23,20,MASCULINO,RESISTÊNCIA COM RESULTADO MORTE,PAF,VIÇOSA
12,42,MASCULINO,HOMICÍDIO DOLOSO,BRANCA,SANTANA DO MUNDAÚ
15,14,MASCULINO,HOMICÍDIO DOLOSO,PAF,ARAPIRACA
16,35,FEMININO,HOMICÍDIO DOLOSO,BRANCA,MESSIAS
18,17,MASCULINO,HOMICÍDIO DOLOSO,PAF,ARAPIRACA
19,17,MASCULINO,HOMICÍDIO DOLOSO,PAF,GIRAU DO PONCIANO
8,22,MASCULINO,HOMICÍDIO DOLOSO,BRANCA,PORTO CALVO
8,18,MASCULINO,HOMICÍDIO DOLOSO,PAF,TEOTÔNIO VILELA
14,23,MASCULINO,HOMICÍDIO DOLOSO,PAF,RIO LARGO
14,43,MASCULINO,HOMICÍDIO DOLOSO,PAF,PINDOBA
19,38,MASCULINO,HOMICÍDIO DOLOSO,PAF,ARAPIRACA
20,16,MASCULINO,RESISTÊNCIA COM RESULTADO MORTE,PAF,MACEIÓ
20,18,MASCULINO,HOMICÍDIO DOLOSO,PAF,ARAPIRACA
20,18,MASCULINO,RESISTÊNCIA COM RESULTADO MORTE,PAF,MACEIÓ
20,49,MASCULINO,RESISTÊNCIA COM RESULTADO MORTE,PAF,MACEIÓ
4,14,FEMININO,HOMICÍDIO DOLOSO,PAF,ATALAIA
16,36,MASCULINO,ROUBO COM RESULTADO MORTE,PAF,ARAPIRACA
22,15,MASCULINO,HOMICÍDIO DOLOSO,BRANCA,MACEIÓ
23,19,MASCULINO,HOMICÍDIO DOLOSO,PAF,CAPELA
17,39,MASCULINO,HOMICÍDIO DOLOSO,PAF,ARAPIRACA
21,19,MASCULINO,HOMICÍDIO DOLOSO,PAF,CORURIPE
23,67,MASCULINO,HOMICÍDIO DOLOSO,PAF,MACEIÓ
14,17,MASCULINO,HOMICÍDIO DOLOSO,PAF,SÃO JOSÉ DA LAJE
18,34,MASCULINO,HOMICÍDIO DOLOSO,PAF,PAULO JACINTO
20,17,MASCULINO,HOMICÍDIO DOLOSO,PAF,UNIÃO DOS PALMARES
21,37,MASCULINO,HOMICÍDIO DOLOSO,PAF,LIMOEIRO DE ANADIA
0,16,MASCULINO,HOMICÍDIO DOLOSO,PAF,ARAPIRACA
9,50,MASCULINO,HOMICÍDIO DOLOSO,PAF,PILAR
12,44,MASCULINO,HOMICÍDIO DOLOSO,PAF,MACEIÓ
7,34,MASCULINO,HOMICÍDIO DOLOSO,PAF,ANADIA
9,64,MASCULINO,HOMICÍDIO DOLOSO,PAF,MARAGOGI
12,17,MASCULINO,HOMICÍDIO DOLOSO,PAF,MACEIÓ
15,47,MASCULINO,HOMICÍDIO DOLOSO,BRANCA,UNIÃO DOS PALMARES
21,33,MASCULINO,HOMICÍDIO DOLOSO,PAF,SÃO JOSÉ DA LAJE
21,21,MASCULINO,RESISTÊNCIA COM RESULTADO MORTE,PAF,PILAR
1,22,MASCULINO,HOMICÍDIO DOLOSO,PAF,CHÃ PRETA
17,15,MASCULINO,HOMICÍDIO DOLOSO,BRANCA,MARIBONDO
17,10,MASCULINO,HOMICÍDIO DOLOSO,BRANCA,MARIBONDO
17,42,MASCULINO,HOMICÍDIO DOLOSO,PAF,IGACI
19,28,MASCULINO,HOMICÍDIO DOLOSO,PAF,UNIÃO DOS PALMARES
7,31,MASCULINO,HOMICÍDIO DOLOSO,PAF,SÃO BRÁS
14,27,MASCULINO,HOMICÍDIO DOLOSO,PAF,JUNQUEIRO
21,69,MASCULINO,HOMICÍDIO DOLOSO,PAF,CORURIPE
23,23,MASCULINO,HOMICÍDIO DOLOSO,PAF,CRAÍBAS
23,46,MASCULINO,HOMICÍDIO DOLOSO,PAF/B,MACEIÓ
6,33,MASCULINO,ROUBO COM RESULTADO MORTE,PAF,CAJUEIRO
20,24,MASCULINO,HOMICÍDIO DOLOSO,PAF,IGREJA NOVA
12,23,MASCULINO,HOMICÍDIO DOLOSO,PAF,SÃO JOSÉ DA TAPERA
12,51,MASCULINO,HOMICÍDIO DOLOSO,PAF,MACEIÓ
14,33,FEMININO,HOMICÍDIO DOLOSO,PAF,SATUBA
21,32,MASCULINO,HOMICÍDIO DOLOSO,ESPANCAMENTO,PILAR
22,18,MASCULINO,HOMICÍDIO DOLOSO,PAF,IGACI
2,25,MASCULINO,HOMICÍDIO DOLOSO,PAF,TEOTÔNIO VILELA
8,25,MASCULINO,HOMICÍDIO DOLOSO,PAF,MACEIÓ
11,25,MASCULINO,HOMICÍDIO DOLOSO,BRANCA,MACEIÓ
21,47,MASCULINO,HOMICÍDIO DOLOSO,PAF/B,JOAQUIM GOMES
6,28,FEMININO,FEMINICÍDIO,BRANCA,UNIÃO DOS PALMARES
7,55,MASCULINO,ROUBO COM RESULTADO MORTE,PAF,ANADIA
7,19,MASCULINO,HOMICÍDIO DOLOSO,PAF,FLEXEIRAS
7,43,MASCULINO,HOMICÍDIO DOLOSO,PAF,FLEXEIRAS
18,36,MASCULINO,HOMICÍDIO DOLOSO,BRANCA,MACEIÓ
2,51,MASCULINO,HOMICÍDIO DOLOSO,ESPANCADO,MACEIÓ
6,34,MASCULINO,HOMICÍDIO DOLOSO,ESPANCADO,RIO LARGO
19,54,MASCULINO,ROUBO COM RESULTADO MORTE,PAF,MACEIÓ
2,22,MASCULINO,HOMICÍDIO DOLOSO,PAF,MACEIÓ
18,25,MASCULINO,HOMICÍDIO DOLOSO,PAF,DOIS RIACHOS
19,31,MASCULINO,HOMICÍDIO DOLOSO,PAF,PÃO DE AÇÚCAR
22,35,MASCULINO,ROUBO COM RESULTADO MORTE,PAF,GIRAU DO PONCIANO
0,37,MASCULINO,HOMICÍDIO DOLOSO,PAF,ARAPIRACA
2,48,MASCULINO,HOMICÍDIO DOLOSO,PAF,CACIMBINHAS
14,62,MASCULINO,ROUBO COM RESULTADO MORTE,PAF,MACEIÓ
18,21,MASCULINO,HOMICÍDIO DOLOSO,PAF,LIMOEIRO DE ANADIA
22,27,MASCULINO,HOMICÍDIO DOLOSO,PAF,MACEIÓ
22,32,MASCULINO,HOMICÍDIO DOLOSO,PAF,MACEIÓ
4,23,MASCULINO,HOMICÍDIO DOLOSO,BRANCA,SÃO JOSÉ DA TAPERA
10,28,MASCULINO,HOMICÍDIO DOLOSO,PAF,MACEIÓ
11,33,MASCULINO,HOMICÍDIO DOLOSO,BRANCA,MACEIÓ
12,28,MASCULINO,HOMICÍDIO DOLOSO,PAF,MACEIÓ
14,35,MASCULINO,HOMICÍDIO DOLOSO,PAF,MACEIÓ
14,20,MASCULINO,HOMICÍDIO DOLOSO,PAF,MACEIÓ
16,34,MASCULINO,HOMICÍDIO DOLOSO,PAF,MATRIZ DE CAMARAGIBE
19,20,FEMININO,HOMICÍDIO DOLOSO,PAF,MACEIÓ
18,17,MASCULINO,HOMICÍDIO DOLOSO,ESPANCADO,MACEIÓ
5,28,MASCULINO,HOMICÍDIO DOLOSO,ESPANCADO,ARAPIRACA
11,25,MASCULINO,HOMICÍDIO DOLOSO,PAF,UNIÃO DOS PALMARES
12,33,MASCULINO,HOMICÍDIO DOLOSO,PAF,IGACI
16,29,MASCULINO,HOMICÍDIO DOLOSO,PAF,MURICI
20,14,MASCULINO,HOMICÍDIO DOLOSO,PAF,MACEIÓ
0,30,MASCULINO,HOMICÍDIO DOLOSO,PAF,MACEIÓ
10,36,MASCULINO,ROUBO COM RESULTADO MORTE,PAF,PENEDO
19,39,MASCULINO,HOMICÍDIO DOLOSO,PAF/B,FEIRA GRANDE
22,25,MASCULINO,HOMICÍDIO DOLOSO,PAF,ARAPIRACA
0,52,MASCULINO,HOMICÍDIO DOLOSO,PAF,OLHO D ÁGUA DAS FLORES
6,27,MASCULINO,HOMICÍDIO DOLOSO,PAF,MARECHAL DEODORO
16,28,MASCULINO,HOMICÍDIO DOLOSO,PAF,SANTANA DO IPANEMA
16,23,MASCULINO,HOMICÍDIO DOLOSO,PAF,MACEIÓ
21,30,MASCULINO,HOMICÍDIO DOLOSO,PAF,MACEIÓ
15,32,MASCULINO,HOMICÍDIO DOLOSO,PAF,SÃO JOSÉ DA TAPERA
22,18,MASCULINO,ROUBO COM RESULTADO MORTE,PAF,MACEIÓ
0,35,MASCULINO,HOMICÍDIO DOLOSO,PAF,MACEIÓ
1,38,MASCULINO,HOMICÍDIO DOLOSO,PAF,ARAPIRACA
18,46,MASCULINO,HOMICÍDIO DOLOSO,PAF,PORTO REAL DO COLÉGIO
22,68,MASCULINO,HOMICÍDIO DOLOSO,PAF,CAJUEIRO
22,41,FEMININO,HOMICÍDIO DOLOSO,PAF,CAJUEIRO
3,44,FEMININO,FEMINICÍDIO,BRANCA,MACEIÓ
8,18,MASCULINO,HOMICÍDIO DOLOSO,BRANCA,MARECHAL DEODORO
10,17,MASCULINO,HOMICÍDIO DOLOSO,PAF,MACEIÓ
14,61,MASCULINO,HOMICÍDIO DOLOSO,BRANCA,PENEDO
15,39,MASCULINO,HOMICÍDIO DOLOSO,PAF,UNIÃO DOS PALMARES
20,19,MASCULINO,HOMICÍDIO DOLOSO,BRANCAVIÇOSA,
21,16,FEMININO,HOMICÍDIO DOLOSO,PAF,UNIÃO DOS PALMARES
21,16,MASCULINO,HOMICÍDIO DOLOSO,PAF,UNIÃO DOS PALMARES
21,51,MASCULINO,ROUBO COM RESULTADO MORTE,PAF,PIRANHAS
21,15,MASCULINO,HOMICÍDIO DOLOSO,PAF,UNIÃO DOS PALMARES
22,20,MASCULINO,HOMICÍDIO DOLOSO,PAF,LIMOEIRO DE ANADIA
22,28,MASCULINO,HOMICÍDIO DOLOSO,PAF,LIMOEIRO DE ANADIA
2,25,MASCULINO,HOMICÍDIO DOLOSO,ESPANCA,INHAPI
4,24,MASCULINO,HOMICÍDIO DOLOSO,PAF,PILAR
13,20,MASCULINO,HOMICÍDIO DOLOSO,PAF,SÃO JOSÉ DA TAPERA
19,39,MASCULINO,HOMICÍDIO DOLOSO,PAF,ATALAIA
22,25,MASCULINO,HOMICÍDIO DOLOSO,PAF,LIMOEIRO DE ANADIA
22,17,MASCULINO,HOMICÍDIO DOLOSO,PAF,LIMOEIRO DE ANADIA
10,33,MASCULINO,HOMICÍDIO DOLOSO,PAF,SÃO JOSÉ DA LAJE
13,17,MASCULINO,RESISTÊNCIA COM RESULTADO MORTE,PAF,MACEIÓ
21,25,MASCULINO,HOMICÍDIO DOLOSO,PAF,MACEIÓ
22,35,MASCULINO,HOMICÍDIO DOLOSO,PAF,PORTO REAL DO COLÉGIO
5,32,MASCULINO,HOMICÍDIO DOLOSO,PAF,PALMEIRA DOS ÍNDIOS
10,29,MASCULINO,HOMICÍDIO DOLOSO,PAF,MACEIÓ
12,36,MASCULINO,HOMICÍDIO DOLOSO,PAF,SÃO SEBASTIÃO
12,36,MASCULINO,HOMICÍDIO DOLOSO,PAF,JEQUIÁ DA PRAIA
14,51,MASCULINO,HOMICÍDIO DOLOSO,PAF,MURICI
18,22,MASCULINO,HOMICÍDIO DOLOSO,PAF,ÁGUA BRANCA
19,20,MASCULINO,HOMICÍDIO DOLOSO,PAF,MACEIÓ
19,35,MASCULINO,HOMICÍDIO DOLOSO,PAF,BATALHA
0,34,MASCULINO,HOMICÍDIO DOLOSO,BRANCA,PORTO REAL DO COLÉGIO
1,28,MASCULINO,HOMICÍDIO DOLOSO,PAF,ARAPIRACA
2,25,MASCULINO,HOMICÍDIO DOLOSO,PAF,MATA GRANDE
2,26,MASCULINO,HOMICÍDIO DOLOSO,PAF,MATA GRANDE
19,32,MASCULINO,HOMICÍDIO DOLOSO,PAF,DELMIRO GOUVEIA
4,63,FEMININO,HOMICÍDIO DOLOSO,BRANCA,MACEIÓ
10,21,MASCULINO,HOMICÍDIO DOLOSO,PAF,QUEBRANGULO
18,40,MASCULINO,HOMICÍDIO DOLOSO,PAF,LIMOEIRO DE ANADIA
20,21,MASCULINO,HOMICÍDIO DOLOSO,PAF,SATUBA
12,23,MASCULINO,HOMICÍDIO DOLOSO,PAF/B,PORTO CALVO
14,22,MASCULINO,HOMICÍDIO DOLOSO,PAF,ARAPIRACA
15,56,MASCULINO,HOMICÍDIO DOLOSO,PAF,CANAPI
16,18,MASCULINO,HOMICÍDIO DOLOSO,PAF,SÃO LUÍS DO QUITUNDE
1,21,MASCULINO,HOMICÍDIO DOLOSO,BRANCA,MACEIÓ
7,43,MASCULINO,HOMICÍDIO DOLOSO,PAF,MATA GRANDE
16,21,MASCULINO,HOMICÍDIO DOLOSO,PAF,COQUEIRO SECO
20,19,MASCULINO,HOMICÍDIO DOLOSO,BRANCA,MARECHAL DEODORO
23,41,MASCULINO,HOMICÍDIO DOLOSO,PAF,CORURIPE
23,35,MASCULINO,HOMICÍDIO DOLOSO,PAF,CORURIPE
15,20,MASCULINO,HOMICÍDIO DOLOSO,PAF,MACEIÓ
22,54,MASCULINO,HOMICÍDIO DOLOSO,BRANCA,MACEIÓ
0,35,MASCULINO,HOMICÍDIO DOLOSO,PAF,PIRANHAS
17,16,MASCULINO,RESISTÊNCIA COM RESULTADO MORTE,PAF,MACEIÓ
22,20,MASCULINO,HOMICÍDIO DOLOSO,PAF,TEOTÔNIO VILELA
12,34,FEMININO,HOMICÍDIO DOLOSO,PAF,PILAR
19,19,MASCULINO,HOMICÍDIO DOLOSO,PAF,MACEIÓ
19,15,MASCULINO,HOMICÍDIO DOLOSO,LINCHAMENT,MACEIÓ
13,25,MASCULINO,HOMICÍDIO DOLOSO,PAF,CORURIPE
13,34,MASCULINO,HOMICÍDIO DOLOSO,PAF,VIÇOSA
0,38,MASCULINO,HOMICÍDIO DOLOSO,PAF,JOAQUIM GOMES
5,33,FEMININO,HOMICÍDIO DOLOSO,ESPANCADO,MATRIZ DE CAMARAGIBE
12,20,FEMININO,HOMICÍDIO DOLOSO,PAF,ATALAIA
15,18,MASCULINO,HOMICÍDIO DOLOSO,PAF,IBATEGUARA
18,17,MASCULINO,HOMICÍDIO DOLOSO,PAF,ARAPIRACA
19,68,MASCULINO,HOMICÍDIO DOLOSO,PAF,SÃO JOSÉ DA TAPERA
20,52,MASCULINO,HOMICÍDIO DOLOSO,PAF,FELIZ DESERTO
23,31,MASCULINO,HOMICÍDIO DOLOSO,PAF/B,CHÃ PRETA
0,11,FEMININO,FEMINICÍDIO,BRANCA,QUEBRANGULO
2,43,MASCULINO,HOMICÍDIO DOLOSO,PAF,ARAPIRACA
4,27,MASCULINO,HOMICÍDIO DOLOSO,PAF,ARAPIRACA
8,22,MASCULINO,HOMICÍDIO DOLOSO,PAF,OURO BRANCO
13,62,MASCULINO,HOMICÍDIO DOLOSO,PAF,FLEXEIRAS
16,28,MASCULINO,HOMICÍDIO DOLOSO,PAF,CRAÍBAS
20,21,MASCULINO,HOMICÍDIO DOLOSO,PAF,PENEDO
20,19,MASCULINO,HOMICÍDIO DOLOSO,PAF,CORURIPE
21,31,MASCULINO,HOMICÍDIO DOLOSO,PAF,BOCA DA MATA
22,21,FEMININO,ROUBO COM RESULTDO MORTE,PAF,ARAPIRACA
4,34,MASCULINO,HOMICÍDIO DOLOSO,BRANCA,CACIMBINHAS
12,38,MASCULINO,HOMICÍDIO DOLOSO,PAF,PILAR
18,19,MASCULINO,HOMICÍDIO DOLOSO,PAF,BOCA DA MATA
20,25,MASCULINO,HOMICÍDIO DOLOSO,PAF,BOCA DA MATA
1,17,MASCULINO,HOMICÍDIO DOLOSO,PAF,IBATEGUARA
1,21,MASCULINO,HOMICÍDIO DOLOSO,PAF,IBATEGUARA
19,20,MASCULINO,HOMICÍDIO DOLOSO,PAF,RIO LARGO
20,41,MASCULINO,HOMICÍDIO DOLOSO,PAF,MACEIÓ
4,43,MASCULINO,HOMICÍDIO DOLOSO,PAF,JUNQUEIRO
11,37,MASCULINO,HOMICÍDIO DOLOSO,PAF,PÃO DE AÇÚCAR
16,34,MASCULINO,HOMICÍDIO DOLOSO,PAF,IGREJA NOVA
10,35,MASCULINO,HOMICÍDIO DOLOSO,PAF,MACEIÓ
16,21,MASCULINO,HOMICÍDIO DOLOSO,PAF,RIO LARGO
22,18,MASCULINO,HOMICÍDIO DOLOSO,PAF,PORTO REAL DO COLÉGIO
9,13,MASCULINO,HOMICÍDIO DOLOSO,PAF,VIÇOSA
19,30,MASCULINO,HOMICÍDIO DOLOSO,PAF,BARRA DE SÃO MIGUEL
19,49,MASCULINO,HOMICÍDIO DOLOSO,PAF,BARRA DE SÃO MIGUEL
20,27,MASCULINO,HOMICÍDIO DOLOSO,PAF,MURICI
20,25,MASCULINO,HOMICÍDIO DOLOSO,PAF,MARECHAL DEODORO
21,19,MASCULINO,HOMICÍDIO DOLOSO,BRANCA,MACEIÓ
22,57,MASCULINO,HOMICÍDIO DOLOSO,PAF,SANTANA DO IPANEMA
1,17,MASCULINO,RESISTÊNCIA COM RESULTADO MORTE,PAF,MURICI
1,43,MASCULINO,HOMICÍDIO DOLOSO,BRANCA,MARAGOGI
5,40,MASCULINO,HOMICÍDIO DOLOSO,PAF,NOVO LINO
7,20,MASCULINO,HOMICÍDIO DOLOSO,PAF,RIO LARGO
10,19,MASCULINO,HOMICÍDIO DOLOSO,ASFIXIA MECÂN,CORURIPE
0,27,MASCULINO,HOMICÍDIO DOLOSO,PAF,DELMIRO GOUVEIA
3,27,MASCULINO,HOMICÍDIO DOLOSO,PAF,MACEIÓ
14,35,MASCULINO,HOMICÍDIO DOLOSO,PAF,PALMEIRA DOS ÍNDIOS
16,25,MASCULINO,HOMICÍDIO DOLOSO,PAF,MACEIÓ
18,29,MASCULINO,HOMICÍDIO DOLOSO,PAF,SÃO MIGUEL DOS CAMPOS
19,20,MASCULINO,HOMICÍDIO DOLOSO,BRANCA,MACEIÓ
20,24,MASCULINO,HOMICÍDIO DOLOSO,PAF,MACEIÓ
20,27,MASCULINO,HOMICÍDIO DOLOSO,PAF,MACEIÓ
22,45,MASCULINO,HOMICÍDIO DOLOSO,BRANCA,SÃO LUÍS DO QUITUNDE
22,19,MASCULINO,HOMICÍDIO DOLOSO,BRANCA,CACIMBINHAS
23,25,MASCULINO,HOMICÍDIO DOLOSO,BRANCA,ARAPIRACA
13,34,FEMININO,FEMINICÍDIO,BRANCA,PARIPUEIRA
14,37,MASCULINO,ROUBO COM RESULTADO MORTE,PAF,ARAPIRACA
19,31,MASCULINO,RESISTÊNCIA COM RESULTADO MORTE,PAF,MURICI
19,23,MASCULINO,HOMICÍDIO DOLOSO,PAF,MACEIÓ
20,25,MASCULINO,HOMICÍDIO DOLOSO,PAF,MACEIÓ
4,30,MASCULINO,HOMICÍDIO DOLOSO,BRANCA,PARIPUEIRA
6,19,MASCULINO,RESISTÊNCIA COM RESULTADO MORTE,PAF,MACEIÓ
6,17,MASCULINO,RESISTÊNCIA COM RESULTADO MORTE,PAF,MACEIÓ
13,27,MASCULINO,HOMICÍDIO DOLOSO,PAF,UNIÃO DOS PALMARES
15,33,MASCULINO,HOMICÍDIO DOLOSO,PAF,CAJUEIRO
17,24,MASCULINO,RESISTÊNCIA COM RESULTADO MORTE,PAF,ARAPIRACA
21,33,MASCULINO,HOMICÍDIO DOLOSO,BRANCA,MACEIÓ
22,20,MASCULINO,HOMICÍDIO DOLOSO,PAF,RIO LARGO
8,25,MASCULINO,HOMICÍDIO DOLOSO,PAF,BATALHA
17,52,MASCULINO,HOMICÍDIO DOLOSO,PAF,BOCA DA MATA
19,23,MASCULINO,HOMICÍDIO DOLOSO,PAF,MATA GRANDE
6,46,MASCULINO,ROUBO COM RESULTADO MORTE,PAF,MACEIÓ
10,39,MASCULINO,HOMICÍDIO DOLOSO,PAF/B,SÃO MIGUEL DOS CAMPOS
12,32,MASCULINO,HOMICÍDIO DOLOSO,ASFIXIA MECÂNICA,MACEIÓ
15,22,MASCULINO,ROUBO COM RESULTADO MORTE,PAF,ARAPIRACA
15,17,MASCULINO,HOMICÍDIO DOLOSO,PAF,CAPELA
15,19,MASCULINO,HOMICÍDIO DOLOSO,PAF,MARECHAL DEODORO
18,28,MASCULINO,HOMICÍDIO DOLOSO,PAF,MACEIÓ
19,22,MASCULINO,HOMICÍDIO DOLOSO,PAF,PILAR
23,27,MASCULINO,HOMICÍDIO DOLOSO,BRANCA,OLHO D ÁGUA DO CASADO
16,20,MASCULINO,HOMICÍDIO DOLOSO,PAF,ROTEIRO
19,30,MASCULINO,HOMICÍDIO DOLOSO,BRANCA,MACEIÓ
19,17,MASCULINO,HOMICÍDIO DOLOSO,PAF,UNIÃO DOS PALMARES
21,16,MASCULINO,HOMICÍDIO DOLOSO,PAF,BOCA DA MATA
23,38,MASCULINO,HOMICÍDIO DOLOSO,BRANCA,SÃO JOSÉ DA TAPERA
20,19,FEMININO,FEMINICÍDIO,PAF,PORTO REAL DO COLÉGIO
22,23,MASCULINO,HOMICÍDIO DOLOSO,PAF,SANTANA DO IPANEMA
2,29,MASCULINO,HOMICÍDIO DOLOSO,ESPANCADO,MACEIÓ
2,16,MASCULINO,HOMICÍDIO DOLOSO,PAF,BOCA DA MATA
16,15,MASCULINO,HOMICÍDIO DOLOSO,PAF,ARAPIRACA
17,16,MASCULINO,HOMICÍDIO DOLOSO,PAF,MACEIÓ
18,40,MASCULINO,HOMICÍDIO DOLOSO,PAF,BARRA DE SÃO MIGUEL
22,46,MASCULINO,HOMICÍDIO DOLOSO,PAF,SANTANA DO MUNDAÚ
17,28,MASCULINO,HOMICÍDIO DOLOSO,PAF,IGREJA NOVA
22,27,MASCULINO,HOMICÍDIO DOLOSO,PAF,BELÉM
4,44,MASCULINO,HOMICÍDIO DOLOSO,ESPANCADO,MACEIÓ
0,31,MASCULINO,HOMICÍDIO DOLOSO,PAF,MARAGOGI
0,16,MASCULINO,HOMICÍDIO DOLOSO,PAF,CARNEIROS
11,38,MASCULINO,HOMICÍDIO DOLOSO,PAF,IGREJA NOVA
12,55,MASCULINO,HOMICÍDIO DOLOSO,BRANCA,MATRIZ DE CAMARAGIBE
17,17,MASCULINO,HOMICÍDIO DOLOSO,PAF,PALMEIRA DOS ÍNDIOS
21,21,MASCULINO,HOMICÍDIO DOLOSO,PAF,MACEIÓ
13,19,MASCULINO,HOMICÍDIO DOLOSO,PAF,MACEIÓ
17,29,MASCULINO,HOMICÍDIO DOLOSO,PAF,SANTANA DO MUNDAÚ
19,21,MASCULINO,HOMICÍDIO DOLOSO,PAF,GIRAU DO PONCIANO
19,17,MASCULINO,HOMICÍDIO DOLOSO,PAF,GIRAU DO PONCIANO
20,22,MASCULINO,HOMICÍDIO DOLOSO,PAF,MACEIÓ
22,53,MASCULINO,HOMICÍDIO DOLOSO,PAF,POÇO DAS TRINCHEIRAS
23,20,MASCULINO,HOMICÍDIO DOLOSO,PAF,ARAPIRACA
16,58,MASCULINO,HOMICÍDIO DOLOSO,PAF,SANTANA DO IPANEMA
19,34,MASCULINO,HOMICÍDIO DOLOSO,PAF,MACEIÓ
5,39,FEMININO,HOMICÍDIO DOLOSO,ESPANCADO,MACEIÓ
11,41,MASCULINO,HOMICÍDIO DOLOSO,PAF,RIO LARGO
11,37,MASCULINO,HOMICÍDIO DOLOSO,PAF,RIO LARGO
13,16,MASCULINO,HOMICÍDIO DOLOSO,PAF/B,RIO LARGO
16,26,MASCULINO,HOMICÍDIO DOLOSO,PAF,IGREJA NOVA
19,36,MASCULINO,HOMICÍDIO DOLOSO,PAF,COLÔNIA LEOPOLDINA
21,17,MASCULINO,HOMICÍDIO DOLOSO,BRANCA,ARAPIRACA
23,25,MASCULINO,HOMICÍDIO DOLOSO,PAF,ATALAIA
1,36,MASCULINO,ROUBO COM RESULTADO MORTE,PAF,ARAPIRACA
13,19,MASCULINO,HOMICÍDIO DOLOSO,PAF,ATALAIA
15,56,MASCULINO,HOMICÍDIO DOLOSO,PAF,ARAPIRACA
16,66,MASCULINO,ROUBO COM RESULTADO MORTE,PAF,INHAPI
17,79,FEMININO,HOMICÍDIO DOLOSO,PAF,ARAPIRACA
19,21,MASCULINO,HOMICÍDIO DOLOSO,PAF,MACEIÓ
20,33,MASCULINO,HOMICÍDIO DOLOSO,PAF,TAQUARANA
21,30,MASCULINO,HOMICÍDIO DOLOSO,PAF,RIO LARGO
19,27,FEMININO,FEMINICÍDIO,BRANCA,TEOTÔNIO VILELA
21,30,MASCULINO,HOMICÍDIO DOLOSO,PAF,DELMIRO GOUVEIA
4,54,MASCULINO,HOMICÍDIO DOLOSO,PAF,SÃO JOSÉ DA TAPERA
4,42,MASCULINO,ROUBO COM RESULTADO MORTE,PAF,CRAÍBAS
10,18,MASCULINO,HOMICÍDIO DOLOSO,PAF,ARAPIRACA
14,19,MASCULINO,RESISTÊNCIA COM RESULTADO MORTE,PAF,SÃO MIGUEL DOS CAMPOS
15,46,MASCULINO,HOMICÍDIO DOLOSO,PAF,MACEIÓ
20,21,MASCULINO,HOMICÍDIO DOLOSO,PAF/B,MACEIÓ
21,19,MASCULINO,HOMICÍDIO DOLOSO,PAF,MACEIÓ
23,20,MASCULINO,HOMICÍDIO DOLOSO,PAF,BOCA DA MATA
2,50,MASCULINO,HOMICÍDIO DOLOSO,PAF,SÃO JOSÉ DA TAPERA
5,40,MASCULINO,RESISTÊNCIA COM RESULTADO MORTE,PAF,MACEIÓ
16,22,MASCULINO,HOMICÍDIO DOLOSO,PAF,SÃO JOSÉ DA LAJE
18,20,MASCULINO,HOMICÍDIO DOLOSO,PAF,MACEIÓ
20,22,FEMININO,HOMICÍDIO DOLOSO,PAF,ATALAIA
15,39,MASCULINO,HOMICÍDIO DOLOSO,ASFIXIA MECÂNICA,MACEIÓ
15,45,MASCULINO,HOMICÍDIO DOLOSO,PAF,SATUBA
16,59,MASCULINO,HOMICÍDIO DOLOSO,PAF/B,PORTO DE PEDRAS
18,30,MASCULINO,HOMICÍDIO DOLOSO,PAF,CAMPO GRANDE
21,24,FEMININO,ROUBO COM RESULTADO MORTE,PAF,MACEIÓ
21,21,MASCULINO,HOMICÍDIO DOLOSO,BRANCA,MACEIÓ
13,25,MASCULINO,HOMICÍDIO DOLOSO,PAF,MACEIÓ
16,38,FEMININO,HOMICÍDIO DOLOSO,PAF,PALMEIRA DOS ÍNDIOS
20,23,MASCULINO,HOMICÍDIO DOLOSO,PAF,MACEIÓ
21,23,MASCULINO,HOMICÍDIO DOLOSO,PAF,PENEDO
10,30,MASCULINO,HOMICÍDIO DOLOSO,PAF,ARAPIRACA
14,19,MASCULINO,HOMICÍDIO DOLOSO,PAF,MARECHAL DEODORO
19,30,MASCULINO,HOMICÍDIO DOLOSO,PAF,MACEIÓ
3,24,MASCULINO,HOMICÍDIO DOLOSO,PAF,ARAPIRACA
11,18,MASCULINO,HOMICÍDIO DOLOSO,PAF,JOAQUIM GOMES
14,17,MASCULINO,HOMICÍDIO DOLOSO,PAF,ARAPIRACA
19,31,MASCULINO,HOMICÍDIO DOLOSO,PAF,SÃO SEBASTIÃO
23,28,MASCULINO,HOMICÍDIO DOLOSO,PAF,ARAPIRACA
3,15,MASCULINO,HOMICÍDIO DOLOSO,PAF,MACEIÓ
9,35,MASCULINO,HOMICÍDIO DOLOSO,BRANCA,NOVO LINO
17,46,FEMININO,HOMICÍDIO DOLOSO,PAF,SÃO SEBASTIÃO
22,16,MASCULINO,HOMICÍDIO DOLOSO,PAF,LAGOA DA CANOA
22,26,MASCULINO,HOMICÍDIO DOLOSO,PAF,LAGOA DA CANOA
17,59,MASCULINO,ROUBO COM RESULTADO MORTE,PAF,CAMPO ALEGRE
20,53,MASCULINO,HOMICÍDIO DOLOSO,PAF,SÃO SEBASTIÃO
20,24,MASCULINO,HOMICÍDIO DOLOSO,PAF,SÃO SEBASTIÃO
22,16,MASCULINO,RESISTÊNCIA COM RESULTADO MORTE,PAF,MACEIÓ
23,28,MASCULINO,HOMICÍDIO DOLOSO,PAF,SÃO LUÍS DO QUITUNDE
5,57,MASCULINO,HOMICÍDIO DOLOSO,BRANCA,PENEDO
12,20,MASCULINO,RESISTÊNCIA COM RESULTADO MORTE,PAF,PIRANHAS
12,21,MASCULINO,RESISTÊNCIA COM RESULTADO MORTE,PAF,PIRANHAS
17,31,MASCULINO,RESISTÊNCIA COM RESULTADO MORTE,PAF,ARAPIRACA
20,16,MASCULINO,HOMICÍDIO DOLOSO,PAF,SÃO MIGUEL DOS CAMPOS
3,21,MASCULINO,HOMICÍDIO DOLOSO,PAF,CORURIPE
11,15,MASCULINO,RESISTÊNCIA COM RESULTADO MORTE,PAF,PIAÇABUÇU
23,29,MASCULINO,HOMICÍDIO DOLOSO,PAF,ARAPIRACA
2,24,MASCULINO,HOMICÍDIO DOLOSO,PAF,CRAÍBAS
8,18,MASCULINO,HOMICÍDIO DOLOSO,PAF,SÃO JOSÉ DA TAPERA
14,22,MASCULINO,HOMICÍDIO DOLOSO,PAF,MACEIÓ
19,31,MASCULINO,HOMICÍDIO DOLOSO,PAF,OLHO D ÁGUA DAS FLORES
20,32,MASCULINO,HOMICÍDIO DOLOSO,PAF,ARAPIRACA
21,33,MASCULINO,HOMICÍDIO DOLOSO,PAF,CORURIPE
0,18,MASCULINO,HOMICÍDIO DOLOSO,PAF,MACEIÓ
0,40,MASCULINO,HOMICÍDIO DOLOSO,BRANCA,MACEIÓ
2,45,MASCULINO,HOMICÍDIO DOLOSO,BRANCA,MACEIÓ
2,21,MASCULINO,HOMICÍDIO DOLOSO,PAF,CRAÍBAS
11,39,MASCULINO,ROUBO COM RESULTADO MORTE,ESPANCADO,MACEIÓ
16,33,MASCULINO,HOMICÍDIO DOLOSO,PAF,MACEIÓ
20,17,MASCULINO,HOMICÍDIO DOLOSO,PAF,PILAR
2,33,MASCULINO,HOMICÍDIO DOLOSO,PAF,SANTANA DO IPANEMA
4,19,MASCULINO,HOMICÍDIO DOLOSO,PAF,CAJUEIRO
16,44,MASCULINO,HOMICÍDIO DOLOSO,PAF,PALMEIRA DOS ÍNDIOS
20,33,MASCULINO,HOMICÍDIO DOLOSO,PAF,BARRA DE SÃO MIGUEL
22,54,MASCULINO,LESÃO CORPORAL SEGUIDA DE MORTE,ESPANCADO,OURO BRANCO
23,21,MASCULINO,HOMICÍDIO DOLOSO,BRANCA,UNIÃO DOS PALMARES
16,40,MASCULINO,LESÃO CORPORAL SEGUIDA DE MORTE,ESPANCADO,MACEIÓ
0,20,MASCULINO,HOMICÍDIO DOLOSO,BRANCA,PALMEIRA DOS ÍNDIOS
7,33,MASCULINO,HOMICÍDIO DOLOSO,PAF,MACEIÓ
15,25,MASCULINO,RESISTÊNCIA COM RESULTADO MORTE,PAF,MACEIÓ
15,26,MASCULINO,RESISTÊNCIA COM RESULTADO MORTE,PAF,MACEIÓ
15,26,MASCULINO,RESISTÊNCIA COM RESULTADO MORTE,PAF,MACEIÓ
19,36,MASCULINO,HOMICÍDIO DOLOSO,PAF,OLHO D ÁGUA DAS FLOR
19,31,MASCULINO,HOMICÍDIO DOLOSO,PAF,OLHO D ÁGUA DAS FLOR
20,18,MASCULINO,HOMICÍDIO DOLOSO,PAF,CORURIPE
23,24,MASCULINO,HOMICÍDIO DOLOSO,PAF,UNIÃO DOS PALMARES
17,71,MASCULINO,HOMICÍDIO DOLOSO,PAF,MARIBONDO
20,15,MASCULINO,HOMICÍDIO DOLOSO,PAF,SÃO JOSÉ DA LAJE
21,20,MASCULINO,HOMICÍDIO DOLOSO,PAF,MACEIÓ
13,34,MASCULINO,RESISTÊNCIA COM RESULTADO MORTE,PAF,PIAÇABUÇU
2,42,FEMININO,HOMICÍDIO DOLOSO,BRANCA,OLIVENÇA
14,44,MASCULINO,HOMICÍDIO DOLOSO,PAF,MACEIÓ
15,31,MASCULINO,RESISTÊNCIA COM RESULTADO MORTE,PAF,ARAPIRACA
22,14,MASCULINO,HOMICÍDIO DOLOSO,PAF,PILAR
12,30,MASCULINO,HOMICÍDIO DOLOSO,PAF,DELMIRO GOUVEIA
19,16,MASCULINO,HOMICÍDIO DOLOSO,PAF,UNIÃO DOS PALMARES
22,22,MASCULINO,HOMICÍDIO DOLOSO,PAF,PENEDO
23,26,MASCULINO,HOMICÍDIO DOLOSO,PAF,RIO LARGO
0,15,MASCULINO,HOMICÍDIO DOLOSO,BRANCA,PALMEIRA DOS ÍNDIOS
3,65,MASCULINO,HOMICÍDIO DOLOSO,PAF,SÃO LUÍS DO QUITUNDE
8,16,MASCULINO,HOMICÍDIO DOLOSO,BRANCA,MACEIÓ
18,33,MASCULINO,HOMICÍDIO DOLOSO,PAF,MACEIÓ
20,42,MASCULINO,HOMICÍDIO DOLOSO,PAF,LIMOEIRO DE ANADIA
20,54,MASCULINO,HOMICÍDIO DOLOSO,PAF,LIMOEIRO DE ANADIA
20,42,MASCULINO,HOMICÍDIO DOLOSO,PAF,JOAQUIM GOMES
20,38,MASCULINO,HOMICÍDIO DOLOSO,PAF,TANQUE D ARCA
20,24,MASCULINO,HOMICÍDIO DOLOSO,PAF,ARAPIRACA
20,40,MASCULINO,ROUBO COM RESULTDO MORTE,PAF,TANQUE D ARCA
0,18,MASCULINO,HOMICÍDIO DOLOSO,PAF/B,CAPELA
4,30,MASCULINO,HOMICÍDIO DOLOSO,PAF,MACEIÓ
17,18,MASCULINO,HOMICÍDIO DOLOSO,PAF,JUNQUEIRO
18,24,MASCULINO,HOMICÍDIO DOLOSO,PAF,FEIRA GRANDE
18,64,MASCULINO,HOMICÍDIO DOLOSO,BRANCA,IBATEGUARA
20,22,MASCULINO,HOMICÍDIO DOLOSO,BRANCA,MACEIÓ
22,33,MASCULINO,HOMICÍDIO DOLOSO,PAF,SANTA LUZIA DO NORTE
22,19,MASCULINO,HOMICÍDIO DOLOSO,PAF,CHÃ PRETA
5,23,MASCULINO,RESISTÊNCIA COM RESULTADO MORTE,PAF,MACEIÓ
6,26,MASCULINO,HOMICÍDIO DOLOSO,PAF,MACEIÓ
20,27,MASCULINO,HOMICÍDIO DOLOSO,PAF,MACEIÓ
21,30,MASCULINO,HOMICÍDIO DOLOSO,PAF,PIRANHAS
22,29,MASCULINO,ROUBO COM RESULTADO ,BRANCA,ATALAIA
23,21,MASCULINO,HOMICÍDIO DOLOSO,PAF,MACEIÓ
2,25,MASCULINO,HOMICÍDIO DOLOSO,PAF,TEOTÔNIO VILELA
4,23,MASCULINO,ROUBO COM RESULTADO ,PAF,JACUÍPE
4,19,MASCULINO,ROUBO COM RESULTADO ,PAF,JACUÍPE
10,14,MASCULINO,HOMICÍDIO DOLOSO,PAF,VIÇOSA
13,23,MASCULINO,RESISTÊNCIA COM RESUL,PAF,COITÉ DO NÓIA
16,30,MASCULINO,HOMICÍDIO DOLOSO,PAF,UNIÃO DOS PALMARES
22,24,MASCULINO,HOMICÍDIO DOLOSO,PAF,RIO LARGO
10,28,MASCULINO,HOMICÍDIO DOLOSO,PAF,ARAPIRACA
13,34,MASCULINO,HOMICÍDIO DOLOSO,PAF,GIRAU DO PONCIANO
17,21,MASCULINO,HOMICÍDIO DOLOSO,PAF,MACEIÓ
20,16,MASCULINO,HOMICÍDIO DOLOSO,PAF/B,CAMPO GRANDE
23,19,MASCULINO,RESISTÊNCIA COM RESULTADO MORTE,PAF,ARAPIRACA
23,20,MASCULINO,RESISTÊNCIA COM RESULTADO MORTE,PAF,ARAPIRACA
12,60,MASCULINO,HOMICÍDIO DOLOSO,PAF,MACEIÓ
12,48,FEMININO,HOMICÍDIO DOLOSO,PAF,CACIMBINHAS
14,71,MASCULINO,HOMICÍDIO DOLOSO,BRANCA,BOCA DA MATA
19,18,MASCULINO,HOMICÍDIO DOLOSO,PAF,MACEIÓ
20,20,MASCULINO,HOMICÍDIO DOLOSO,LINCHAMENTO,MACEIÓ
21,39,MASCULINO,HOMICÍDIO DOLOSO,PAF,CAMPO GRANDE
14,17,MASCULINO,HOMICÍDIO DOLOSO,PAF,GIRAU DO PONCIANO
21,29,MASCULINO,HOMICÍDIO DOLOSO,PAF,FEIRA GRANDE
11,34,MASCULINO,HOMICÍDIO DOLOSO,PAF,CORURIPE
17,18,MASCULINO,HOMICÍDIO DOLOSO,PAF,ARAPIRACA
19,31,MASCULINO,HOMICÍDIO DOLOSO,PAF,ARAPIRACA
23,15,MASCULINO,HOMICÍDIO DOLOSO,PAF,CORURIPE
0,17,MASCULINO,HOMICÍDIO DOLOSO,BRANCA,POÇO DAS TRINCHEIRAS
14,28,MASCULINO,HOMICÍDIO DOLOSO,BRANCA,MESSIAS
14,28,MASCULINO,HOMICÍDIO DOLOSO,PAF,MACEIÓ
18,18,MASCULINO,HOMICÍDIO DOLOSO,PAF,ARAPIRACA
21,33,MASCULINO,HOMICÍDIO DOLOSO,PAF,MARAGOGI
14,17,MASCULINO,HOMICÍDIO DOLOSO,PAF/B,UNIÃO DOS PALMARES
18,15,MASCULINO,HOMICÍDIO DOLOSO,PAF,ARAPIRACA
19,46,MASCULINO,HOMICÍDIO DOLOSO,PAF,MACEIÓ
3,23,MASCULINO,HOMICÍDIO DOLOSO,PAF,ARAPIRACA
22,28,MASCULINO,HOMICÍDIO DOLOSO,BRANCA,MACEIÓ
22,21,MASCULINO,HOMICÍDIO DOLOSO,PAF,MACEIÓ
22,16,MASCULINO,HOMICÍDIO DOLOSO,PAF,MACEIÓ
0,21,MASCULINO,HOMICÍDIO DOLOSO,PAF,BARRA DE SANTO ANTÔNIO
2,51,FEMININO,FEMINICÍDIO,BRANCA,TRAIPU
4,42,MASCULINO,HOMICÍDIO DOLOSO,BRANCA,ARAPIRACA
5,35,MASCULINO,HOMICÍDIO DOLOSO,PAF,ARAPIRACA
15,16,MASCULINO,HOMICÍDIO DOLOSO,PAF,MACEIÓ
16,33,MASCULINO,HOMICÍDIO DOLOSO,PAF,RIO LARGO
5,25,MASCULINO,RESISTÊNCIA COM RESULTADO MORTE,PAF,INHAPI
10,29,MASCULINO,HOMICÍDIO DOLOSO,PAF,TEOTÔNIO VILELA
12,35,MASCULINO,HOMICÍDIO DOLOSO,PAF,LAGOA DA CANOA
12,31,FEMININO,HOMICÍDIO DOLOSO,PAF,LAGOA DA CANOA
14,21,MASCULINO,HOMICÍDIO DOLOSO,PAF,MARAGOGI
14,40,MASCULINO,HOMICÍDIO DOLOSO,PAF,MARAGOGI
15,15,MASCULINO,HOMICÍDIO DOLOSO,PAF,SÃO JOSÉ DA LAJE
19,18,MASCULINO,HOMICÍDIO DOLOSO,PAF,MACEIÓ
19,16,MASCULINO,HOMICÍDIO DOLOSO,PAF,MACEIÓ
19,17,MASCULINO,HOMICÍDIO DOLOSO,PAF,SÃO MIGUEL DOS CAMPOS
23,42,MASCULINO,HOMICÍDIO DOLOSO,PAF,SÃO BRÁS
23,38,MASCULINO,HOMICÍDIO DOLOSO,BRANCA,SÃO SEBASTIÃO
7,24,MASCULINO,HOMICÍDIO DOLOSO,PAF,CORURIPE
9,34,MASCULINO,HOMICÍDIO DOLOSO,BRANCA,PALMEIRA DOS ÍNDIOS
19,38,MASCULINO,HOMICÍDIO DOLOSO,PAF,PARIPUEIRA
5,29,MASCULINO,HOMICÍDIO DOLOSO,BRANCA,ATALAIA
17,17,MASCULINO,HOMICÍDIO DOLOSO,PAF,MACEIÓ
17,37,MASCULINO,HOMICÍDIO DOLOSO,PAF,GIRAU DO PONCIANO
17,52,MASCULINO,HOMICÍDIO DOLOSO,BRANCA,FLEXEIRAS
5,18,MASCULINO,RESISTÊNCIA COM RESULTADO MORTE,PAF,ARAPIRACA
8,41,MASCULINO,HOMICÍDIO DOLOSO,PAF,ARAPIRACA
2,56,MASCULINO,HOMICÍDIO DOLOSO,PAF,TRAIPU
5,23,MASCULINO,RESISTÊNCIA COM RESULTADO MORTE,PAF,MACEIÓ
11,25,MASCULINO,HOMICÍDIO DOLOSO,PAF,PILAR
13,19,MASCULINO,HOMICÍDIO DOLOSO,PAF,MACEIÓ
7,25,MASCULINO,HOMICÍDIO DOLOSO,PAF,MARAGOGI
9,37,MASCULINO,HOMICÍDIO DOLOSO,PAF,MARAGOGI
9,32,MASCULINO,HOMICÍDIO DOLOSO,PAF,PILAR
13,19,MASCULINO,HOMICÍDIO DOLOSO,PAF,VIÇOSA
13,48,MASCULINO,HOMICÍDIO DOLOSO,BRANCA,CHÃ PRETA
15,22,MASCULINO,HOMICÍDIO DOLOSO,PAF,OLHO D ÁGUA GRANDE
16,34,MASCULINO,HOMICÍDIO DOLOSO,PAF,SANTANA DO MUNDAÚ
18,27,MASCULINO,HOMICÍDIO DOLOSO,PAF,CRAÍBAS
19,25,MASCULINO,HOMICÍDIO DOLOSO,PAF,PALMEIRA DOS ÍNDIOS
19,56,MASCULINO,HOMICÍDIO DOLOSO,BRANCA,MATRIZ DE CAMARAGIBE
12,24,MASCULINO,HOMICÍDIO DOLOSO,BRANCA,CAMPO ALEGRE
13,24,MASCULINO,HOMICÍDIO DOLOSO,PAF,BARRA DE SÃO MIGUEL
16,29,FEMININO,HOMICÍDIO DOLOSO,PAF,PENEDO
19,17,MASCULINO,HOMICÍDIO DOLOSO,PAF,TEOTÔNIO VILELA
19,32,MASCULINO,HOMICÍDIO DOLOSO,PAF,MACEIÓ
20,19,MASCULINO,HOMICÍDIO DOLOSO,BRANCA,DELMIRO GOUVEIA
23,14,MASCULINO,HOMICÍDIO DOLOSO,ESPANCAMENTO,MACEIÓ
0,31,MASCULINO,ROUBO COM RESULTADO MORTE,BRANCA,MACEIÓ
0,18,MASCULINO,HOMICÍDIO DOLOSO,BRANCA,COLÔNIA LEOPOLDINA
14,20,MASCULINO,HOMICÍDIO DOLOSO,PAF,BARRA DE SÃO MIGUEL
18,17,MASCULINO,RESISTÊNCIA COM RESULTADO MORTE,PAF,MACEIÓ
18,18,MASCULINO,RESISTÊNCIA COM RESULTADO MORTE,PAF,MACEIÓ
21,18,MASCULINO,HOMICÍDIO DOLOSO,PAF,PARIPUEIRA
14,72,MASCULINO,HOMICÍDIO DOLOSO,BRANCA,MACEIÓ
9,22,MASCULINO,HOMICÍDIO DOLOSO,PAF,ARAPIRACA
9,29,MASCULINO,HOMICÍDIO DOLOSO,PAF,MACEIÓ
10,38,MASCULINO,HOMICÍDIO DOLOSO,PAF,PIRANHAS
16,21,MASCULINO,RESISTÊNCIA COM RESULTADO MORTE,PAF,ARAPIRACA
17,35,MASCULINO,HOMICÍDIO DOLOSO,PAF,TEOTÔNIO VILELA
20,29,MASCULINO,HOMICÍDIO DOLOSO,PAF,RIO LARGO
23,46,MASCULINO,HOMICÍDIO DOLOSO,PAF,ARAPIRACA
11,45,MASCULINO,HOMICÍDIO DOLOSO,PAF,MACEIÓ
17,19,MASCULINO,HOMICÍDIO DOLOSO,PAF,TEOTÔNIO VILELA
17,19,MASCULINO,HOMICÍDIO DOLOSO,PAF,TEOTÔNIO VILELA
17,18,MASCULINO,HOMICÍDIO DOLOSO,PAF,TEOTÔNIO VILELA
18,32,FEMININO,FEMINICÍDIO,PAF,SÃO MIGUEL DOS CAMPOS
18,32,MASCULINO,HOMICÍDIO DOLOSO,PAF,MACEIÓ
21,40,MASCULINO,HOMICÍDIO DOLOSO,PAF,PENEDO
2,39,MASCULINO,HOMICÍDIO DOLOSO,BRANCA,MACEIÓ
19,27,MASCULINO,HOMICÍDIO DOLOSO,BRANCA,OLIVENÇA
9,20,MASCULINO,HOMICÍDIO DOLOSO,PAF,SÃO MIGUEL DOS CAMPOS
22,27,MASCULINO,HOMICÍDIO DOLOSO,PAF,MACEIÓ
22,24,MASCULINO,HOMICÍDIO DOLOSO,PAF,RIO LARGO
2,22,MASCULINO,HOMICÍDIO DOLOSO,PAF,PIRANHAS
3,18,MASCULINO,HOMICÍDIO DOLOSO,PAF,CORURIPE
3,15,MASCULINO,HOMICÍDIO DOLOSO,PAF,CORURIPE
3,26,MASCULINO,HOMICÍDIO DOLOSO,PAF,CORURIPE
4,18,MASCULINO,HOMICÍDIO DOLOSO,PAF,MACEIO
12,15,MASCULINO,HOMICÍDIO DOLOSO,BRANCA,RIO LARGO
14,20,MASCULINO,HOMICÍDIO DOLOSO,PAF,MACEIÓ
14,20,MASCULINO,HOMICÍDIO DOLOSO,PAF,ARAPIRACA
19,26,MASCULINO,HOMICÍDIO DOLOSO,LINCHAMENTO,MACEIÓ
21,40,MASCULINO,HOMICÍDIO DOLOSO,PAF,TANQUE D ARCA
21,35,MASCULINO,HOMICÍDIO DOLOSO,BRANCA,MARAGOGI
14,18,MASCULINO,HOMICÍDIO DOLOSO,PAF,MACEIÓ
16,22,MASCULINO,HOMICÍDIO DOLOSO,PAF,MACEIÓ
17,51,MASCULINO,HOMICÍDIO DOLOSO,PAF,PORTO CALVO
21,32,MASCULINO,HOMICÍDIO DOLOSO,PAF,MACEIÓ
21,29,MASCULINO,HOMICÍDIO DOLOSO,PAF,MACEIÓ
13,20,MASCULINO,HOMICÍDIO DOLOSO,PAF,MACEIÓ
16,42,MASCULINO,HOMICÍDIO DOLOSO,PAF,IGACI
18,18,MASCULINO,HOMICÍDIO DOLOSO,PAF,MACEIÓ
0,18,MASCULINO,HOMICÍDIO DOLOSO,PAF,FEIRA GRANDE
0,14,MASCULINO,HOMICÍDIO DOLOSO,PAF,FEIRA GRANDE
7,26,MASCULINO,RESISTÊNCIA COM RESULTADO MORTE,PAF,MACEIÓ
15,36,MASCULINO,HOMICÍDIO DOLOSO,PAF,MAJOR ISIDORO
16,39,MASCULINO,HOMICÍDIO DOLOSO,PAF,PALMEIRA DOS ÍNDIOS
19,16,MASCULINO,HOMICÍDIO DOLOSO,PAF,ARAPIRACA
2,32,MASCULINO,HOMICÍDIO DOLOSO,ESPANCAMENTO,ARAPIRACA
11,20,MASCULINO,HOMICÍDIO DOLOSO,PAF,MACEIÓ
18,13,MASCULINO,HOMICÍDIO DOLOSO,PAF,ATALAIA
22,49,MASCULINO,HOMICÍDIO DOLOSO,BRANCA,DOIS RIACHOS
0,19,MASCULINO,HOMICÍDIO DOLOSO,PAF,MACEIÓ
18,16,MASCULINO,HOMICÍDIO DOLOSO,PAF,RIO LARGO
19,35,MASCULINO,HOMICÍDIO DOLOSO,BRANCA,SÃO SEBASTIÃO
19,27,MASCULINO,HOMICÍDIO DOLOSO,PAF,PALMEIRA DOS ÍNDIOS
21,30,MASCULINO,HOMICÍDIO DOLOSO,PAF,MACEIÓ
22,35,MASCULINO,HOMICÍDIO DOLOSO,PAF,MATRIZ DE CAMARAGIBE
7,18,MASCULINO,HOMICÍDIO DOLOSO,PAF,BATALHA
18,19,MASCULINO,HOMICÍDIO DOLOSO,PAF,RIO LARGO
20,42,MASCULINO,HOMICÍDIO DOLOSO,PAF,RIO LARGO
19,53,MASCULINO,HOMICÍDIO DOLOSO,PAF,INHAPI
20,25,MASCULINO,HOMICÍDIO DOLOSO,PAF,SÃO MIGUEL DOS CAMPOS
21,38,MASCULINO,HOMICÍDIO DOLOSO,PAF,CORURIPE
5,24,MASCULINO,HOMICÍDIO DOLOSO,BRANCA,ARAPIRACA
6,25,MASCULINO,HOMICÍDIO DOLOSO,BRANCA,UNIÃO DOS PALMARES
13,19,MASCULINO,HOMICÍDIO DOLOSO,PAF,SÃO SEBASTIÃO
20,21,MASCULINO,HOMICÍDIO DOLOSO,PAF,BOCA DA MATA
6,35,MASCULINO,HOMICÍDIO DOLOSO,PAF,DELMIRO GOUVEIA
21,21,FEMININO,HOMICÍDIO DOLOSO,PAF,RIO LARGO
22,24,MASCULINO,HOMICÍDIO DOLOSO,BRANCA,ARAPIRACA
23,21,MASCULINO,HOMICÍDIO DOLOSO,PAF,MACEIÓ
23,18,MASCULINO,HOMICÍDIO DOLOSO,PAF,FELIZ DESERTO
15,20,MASCULINO,HOMICÍDIO DOLOSO,BRANCA,RIO LARGO
15,17,MASCULINO,HOMICÍDIO DOLOSO,PAF,ATALAIA
15,22,MASCULINO,HOMICÍDIO DOLOSO,PAF,ARAPIRACA
18,31,MASCULINO,HOMICÍDIO DOLOSO,PAF,MARECHAL DEODORO
18,21,MASCULINO,HOMICÍDIO DOLOSO,PAF,MACEIÓ
19,47,MASCULINO,ROUBO COM RESULTADO MORTE,PAF,MACEIÓ
20,15,MASCULINO,HOMICÍDIO DOLOSO,PAF,MACEIÓ
20,17,MASCULINO,HOMICÍDIO DOLOSO,PAF,MACEIÓ
21,18,MASCULINO,HOMICÍDIO DOLOSO,PAF,ARAPIRACA
9,17,MASCULINO,HOMICÍDIO DOLOSO,PAF,MACEIÓ
17,28,MASCULINO,HOMICÍDIO DOLOSO,PAF,MACEIÓ
17,19,MASCULINO,RESISTÊNCIA COM RESULTADO MORTE,PAF,MACEIÓ
21,21,MASCULINO,HOMICÍDIO DOLOSO,PAF,MACEIÓ
22,32,MASCULINO,HOMICÍDIO DOLOSO,BRANCA,MACEIÓ
5,53,MASCULINO,HOMICÍDIO DOLOSO,PAF,MACEIÓ
6,16,MASCULINO,HOMICÍDIO DOLOSO,BRANCA,MARECHAL DEODORO
18,89,MASCULINO,HOMICÍDIO DOLOSO,BRANCA,BOCA DA MATA
19,27,MASCULINO,HOMICÍDIO DOLOSO,PAF,ARAPIRACA
1,20,MASCULINO,HOMICÍDIO DOLOSO,BRANCA,FELIZ DESERTO
1,37,MASCULINO,HOMICÍDIO DOLOSO,PAF,MACEIÓ
2,18,MASCULINO,HOMICÍDIO DOLOSO,BRANCA,MARECHAL DEODORO
4,31,MASCULINO,HOMICÍDIO DOLOSO,PAF,MACEIÓ
15,17,MASCULINO,HOMICÍDIO DOLOSO,PAF,MACEIÓ
18,18,MASCULINO,HOMICÍDIO DOLOSO,PAF,MACEIÓ
8,17,MASCULINO,HOMICÍDIO DOLOSO,PAF,ARAPIRACA
8,18,MASCULINO,HOMICÍDIO DOLOSO,PAF,MACEIÓ
16,21,MASCULINO,HOMICÍDIO DOLOSO,PAF,MACEIÓ
16,18,MASCULINO,HOMICÍDIO DOLOSO,PAF,MACEIÓ
17,30,MASCULINO,HOMICÍDIO DOLOSO,PAF,MACEIÓ
19,56,MASCULINO,HOMICÍDIO DOLOSO,PAF,MESSIAS